URL,Last crawled
https://web.opynio.com/en/empresa/Pensilvania,2026-01-06
https://web.opynio.com/gb/explore,2025-12-21
https://web.opynio.com/co/empresa/Rechtsanwältin_Esther_Benthien,2025-12-19
https://web.opynio.com/co/empresa/FISIOTERAPEUTA_VALENCIA_CLINICA_CENTRO.,2025-12-18
https://web.opynio.com/ar/empresa/Ruda_Café,2025-12-18
https://web.opynio.com/br/empresa/Frutería_Hermanos_Escudero,2025-12-18
https://web.opynio.com/co/empresa/Universidad_Federal_de_Pernambuco,2025-12-18
https://web.opynio.com/de/empresa/HanSo_Café,2025-12-18
https://web.opynio.com/br/empresa/Externato_Cesário_Verde,2025-12-18
https://web.opynio.com/br/empresa/Blue_Parrot_School_Málaga_-_Escuela_de_idiomas,2025-12-18
https://web.opynio.com/mx/empresa/MODULAR_TECHNOLOGY_[_TIENDA_GAMING_VENTA_Y_REPARACIÓN_ORDENADORES_],2025-12-18
https://web.opynio.com/co/empresa/TIPSA_TRIANA,2025-12-18
https://web.opynio.com/de/empresa/Universidad_Federal_de_Río_Grande_del_Sur,2025-12-18
https://web.opynio.com/cl/casos-de-exito,2025-12-18
https://web.opynio.com/ar/casos-de-exito,2025-12-18
https://web.opynio.com/fr/empresa/Avella_Legal,2025-12-18
https://web.opynio.com/co/empresa/Braga_Airfield,2025-12-18
https://web.opynio.com/co/empresa/Lidl,2025-12-18
"https://web.opynio.com/co/empresa/Centre_Dentaire_&_Orthodontie_à_Paris_14,_Alésia",2025-12-18
https://web.opynio.com/ar/empresa/Carrefour_Hipermercado_Balneário,2025-12-18
"https://web.opynio.com/br/empresa/Centre_Dentaire_&_Orthodontie_à_Paris_14,_Alésia",2025-12-18
https://web.opynio.com/co/empresa/IdeaWeb,2025-12-18
https://web.opynio.com/br/empresa/Clínica_de_Fisioterapia_Sospedra_Plaza_España_|_Centro_de_Recuperación_Integral,2025-12-18
https://web.opynio.com/br/empresa/Shop_Fair_of_Alphabet_City,2025-12-18
https://web.opynio.com/br/empresa/Ghost_Ranch:_Modern_Southwest_Cuisine,2025-12-18
https://web.opynio.com/mx/empresa/Tempura-Ya,2025-12-18
https://web.opynio.com/br/empresa/Grupo_Financredit,2025-12-18
https://web.opynio.com/co/empresa/Mobil,2025-12-18
https://web.opynio.com/co/empresa/Monster_Sushi_|_Restaurante_japonés_Barcelona,2025-12-18
https://web.opynio.com/pe/casos-de-exito,2025-12-18
https://web.opynio.com/co/empresa/Fontaneros_Madrid_|_Manuel_Bueno,2025-12-18
https://web.opynio.com/ar/empresa/Dacs_Veterinària,2025-12-18
https://web.opynio.com/br/empresa/Clinica_Veterinaria_Malasaña,2025-12-18
https://web.opynio.com/br/empresa/Clínica_Veterinaria_Sevilla_Este,2025-12-18
https://web.opynio.com/br/empresa/Au_Pied_de_Cochon,2025-12-18
https://web.opynio.com/ar/empresa/González_Pulido_Abogados,2025-12-18
https://web.opynio.com/br/empresa/Market_Paris_Maubeuge,2025-12-18
https://web.opynio.com/br/empresa/DentalPro_Roma_Viale_Trastevere,2025-12-17
https://web.opynio.com/ar/empresa/Notaría_Reina_Freijedo_Alvarez,2025-12-17
https://web.opynio.com/ar/empresa/BLASI_Clínica_Dental_Barcelona,2025-12-17
https://web.opynio.com/co/empresa/Frutas_Verduras_y_Viceversa,2025-12-17
https://web.opynio.com/ar/empresa/Floristería_Rafael,2025-12-17
https://web.opynio.com/ar/empresa/Floristeria_El_porvenir,2025-12-17
https://web.opynio.com/it/casos-de-exito,2025-12-17
https://web.opynio.com/uy/precios,2025-12-17
https://web.opynio.com/br/empresa/Berndt_Education_-_Personalized_Language_Courses_for_You,2025-12-17
https://web.opynio.com/ar/empresa/Clínica_Dental_Villarejo,2025-12-17
https://web.opynio.com/br/empresa/Kanzlei_Frank_Dieter_Müller_&_Asoc._-_BG_Krieger,2025-12-17
https://web.opynio.com/co/empresa/ESTRAPEY_FINANZA._Asesores_Bancarios_y_Financieros._Financiación._Rentabilidad._Ahorros,2025-12-17
https://web.opynio.com/br/empresa/Farmacia_Ciceró_-_Ariadna_Fàbrega,2025-12-17
https://web.opynio.com/co/empresa/Casino_Rides_of_Dallas,2025-12-17
https://web.opynio.com/es/precios,2025-12-17
https://web.opynio.com/en/casos-de-exito,2025-12-17
https://web.opynio.com/cr/casos-de-exito,2025-12-17
https://web.opynio.com/fr/casos-de-exito,2025-12-17
https://web.opynio.com/es/casos-de-exito,2025-12-17
https://web.opynio.com/de/casos-de-exito,2025-12-16
https://web.opynio.com/pa/casos-de-exito,2025-12-16
https://web.opynio.com/ec/casos-de-exito,2025-12-16
https://web.opynio.com/co/empresa/Berndt_Education_-_Personalized_Language_Courses_for_You,2025-12-16
https://web.opynio.com/br/empresa/Clinica_Veterinaria_San_Giovanni_H24,2025-12-16
https://web.opynio.com/co/empresa/Farmacia_Ciceró_-_Ariadna_Fàbrega,2025-12-16
https://web.opynio.com/ar/empresa/Farmacia_Ciceró_-_Ariadna_Fàbrega,2025-12-16
https://web.opynio.com/ar/empresa/Bemen_FP_Centre_de_Formació_Professional,2025-12-16
https://web.opynio.com/br/empresa/Institut_dels_Aliments_de_Barcelona,2025-12-16
"https://web.opynio.com/co/empresa/Clinica_Veterinaria_Mascotiti,_Urgencias_24_horas",2025-12-16
"https://web.opynio.com/br/empresa/Clinica_Veterinaria_Mascotiti,_Urgencias_24_horas",2025-12-16
https://web.opynio.com/ar/empresa/ILERNA_Barcelona_-_Centro_de_Formación_Profesional,2025-12-16
"https://web.opynio.com/ar/empresa/Clinica_Veterinaria_Mascotiti,_Urgencias_24_horas",2025-12-16
https://web.opynio.com/br/empresa/Momento_Café,2025-12-16
https://web.opynio.com/ar/empresa/English_Connection_Academia_de_Inglés_-_Madrid_Moratalaz,2025-12-16
https://web.opynio.com/co/empresa/Brazilian_Pizza,2025-12-16
https://web.opynio.com/co/empresa/Zero_Latency_|_Barcelona,2025-12-15
https://web.opynio.com/co/empresa/Dexia_Abogados,2025-12-15
https://web.opynio.com/ar/empresa/Clinica_Veterinaria_Malasaña,2025-12-15
https://web.opynio.com/pt/empresa/Clínica_Dental_Marcet_Moret_|_Dentistas_Barcelona_/_Cabeceran_Salut,2025-12-14
https://web.opynio.com/it/empresa/Clínica_Dental_Marcet_Moret_|_Dentistas_Barcelona_/_Cabeceran_Salut,2025-12-14
https://web.opynio.com/it/empresa/Frutería_Granada_-_Entrega_domicilio,2025-12-14
https://web.opynio.com/pt/empresa/JFMotor_Madrid,2025-12-14
https://web.opynio.com/mx/empresa/JFMotor_Madrid,2025-12-14
https://web.opynio.com/en/empresa/El_Maño_Cerrajeros_Zaragoza,2025-12-14
https://web.opynio.com/br/empresa/Logopedas_Valencia,2025-12-14
https://web.opynio.com/br/empresa/Floristería_La_Favorita_S.L,2025-12-13
https://web.opynio.com/pt/empresa/Masia_Casa_del_Mar,2025-12-13
https://web.opynio.com/ca/empresa/Colegio_Agora_International_Andorra_(Pre-Escolar),2025-12-13
https://web.opynio.com/co/empresa/Dga_Fiscalis_Gestoria_Valencia,2025-12-13
https://web.opynio.com/co/empresa/Clínica_de_𝗙𝗶𝘀𝗶𝗼𝘁𝗲𝗿𝗮𝗽𝗶𝗮_Sospedra_Avenida_de_Baleares_|_Centro_de_Recuperación_Integral,2025-12-13
https://web.opynio.com/br/empresa/Restaurante_Chino_Min_Dou,2025-12-13
https://web.opynio.com/es/empresa/RBB_Consultant,2025-12-13
https://web.opynio.com/ar/empresa/Clínica_Veterinaria_Sevilla_Este,2025-12-12
https://web.opynio.com/ca/empresa/Elisabet_Royuela_|_Advocat_Andorra,2025-12-12
https://web.opynio.com/en/empresa/Logopedas_Valencia,2025-12-12
https://web.opynio.com/es/empresa/JVC_Fontaneros_Urgencias,2025-12-12
https://web.opynio.com/it/empresa/Dga_Fiscalis_Gestoria_Valencia,2025-12-12
https://web.opynio.com/it/empresa/Pensilvania,2025-12-12
https://web.opynio.com/ca/empresa/Acadèmia_LAGOM,2025-12-11
https://web.opynio.com/fr/empresa/Casa_Theodoro,2025-12-11
https://web.opynio.com/de/empresa/Casa_Theodoro,2025-12-11
https://web.opynio.com/pt/empresa/Kindred_Hospital_Central_Tampa,2025-12-11
https://web.opynio.com/it/empresa/Kindred_Hospital_Central_Tampa,2025-12-11
https://web.opynio.com/ar/empresa/Kindred_Hospital_Central_Tampa,2025-12-11
https://web.opynio.com/br/empresa/Hospital_Veterinario_Puchol_🏥_Urgencias_24_horas,2025-12-11
https://web.opynio.com/mx/empresa/PCinstant,2025-12-11
https://web.opynio.com/co/empresa/Kindred_Hospital_Central_Tampa,2025-12-11
https://web.opynio.com/co/empresa/Centro_de_Formación_Profesional_Rodrigo_Giorgeta,2025-12-11
https://web.opynio.com/en/empresa/Fruterías_Marín,2025-12-11
https://web.opynio.com/en/empresa/Fono_Aprende,2025-12-11
"https://web.opynio.com/de/empresa/ISEIE_Innovation_School_|_Formación_universitaria,_masters,_cursos_online",2025-12-11
https://web.opynio.com/ar/empresa/JFMotor_Madrid,2025-12-11
https://web.opynio.com/de/empresa/Clínica_de_Fisioterapia_Sospedra_Avenida_de_Aragón_|_Ejercicio_y_Salud_Integral,2025-12-11
https://web.opynio.com/ar/empresa/Clínica_dental_De_Castro_🦷_Dentista_en_Sevilla,2025-12-11
https://web.opynio.com/de/empresa/Clínica_Dental_Marcet_Moret_|_Dentistas_Barcelona_/_Cabeceran_Salut,2025-12-11
https://web.opynio.com/de/empresa/Consultorios_Medicos,2025-12-11
https://web.opynio.com/co/empresa/Carrefour_Hipermercado_Balneário,2025-12-11
https://web.opynio.com/en/empresa/CLINICA_DENTAE_Clinica_dental_Sevilla_Dr._Carmelo_Pazos,2025-12-11
https://web.opynio.com/mx/empresa/Envios_Rápidos_|_DHL_Express_|_Goiânia,2025-12-11
https://web.opynio.com/es/empresa/Envios_Rápidos_|_DHL_Express_|_Goiânia,2025-12-11
https://web.opynio.com/it/empresa/Envios_Rápidos_|_DHL_Express_|_Goiânia,2025-12-11
https://web.opynio.com/br/empresa/Ruda_Café,2025-12-11
https://web.opynio.com/fr/empresa/FONTANEROS_URGENCIAS_24_HORAS_MADRID,2025-12-11
https://web.opynio.com/en/empresa/Monster_Sushi_|_Restaurante_japonés_Barcelona,2025-12-11
"https://web.opynio.com/pt/empresa/Clinica_Veterinaria_Mascotiti,_Urgencias_24_horas",2025-12-11
https://web.opynio.com/ar/empresa/Instituto_Forma-t,2025-12-11
https://web.opynio.com/co/empresa/Clínica_Dental_Villarejo,2025-12-11
https://web.opynio.com/en/empresa/González_Pulido_Abogados,2025-12-11
https://web.opynio.com/es/empresa/Arby's,2025-12-11
https://web.opynio.com/mx/empresa/Arby's,2025-12-11
https://web.opynio.com/fr/empresa/Arby's,2025-12-11
https://web.opynio.com/co/empresa/Arby's,2025-12-11
https://web.opynio.com/pt/empresa/Chabaneix_Abogados,2025-12-11
https://web.opynio.com/es/empresa/Pancake_Paradise,2025-12-11
https://web.opynio.com/br/empresa/Hyatt_Centric_Gran_Via_Madrid,2025-12-11
https://web.opynio.com/co/empresa/Farmacia_Aragó_1,2025-12-11
https://web.opynio.com/mx/empresa/Farmacia_Aragó_1,2025-12-11
https://web.opynio.com/de/empresa/Farmacia_Aragó_1,2025-12-11
https://web.opynio.com/br/empresa/Farmacia_Aragó_1,2025-12-11
https://web.opynio.com/br/empresa/Capitol_Formación_Profesional,2025-12-11
https://web.opynio.com/it/empresa/Capitol_Formación_Profesional,2025-12-11
https://web.opynio.com/ar/empresa/ConfiEnvios_Br_-_transporte_de_cargas_urgentes-_entregas_rapidas-,2025-12-11
https://web.opynio.com/br/empresa/Pancake_Paradise,2025-12-11
https://web.opynio.com/en/empresa/Pancake_Paradise,2025-12-11
https://web.opynio.com/en/empresa/Berndt_Education_-_Personalized_Language_Courses_for_You,2025-12-11
https://web.opynio.com/it/empresa/Berndt_Education_-_Personalized_Language_Courses_for_You,2025-12-11
https://web.opynio.com/ar/empresa/Berndt_Education_-_Personalized_Language_Courses_for_You,2025-12-11
https://web.opynio.com/ar/empresa/Parque_Great_Falls,2025-12-11
https://web.opynio.com/mx/empresa/Notaría_Blanca_Valenzuela_-_Juan_Barrios,2025-12-11
https://web.opynio.com/pt/empresa/Notaría_Blanca_Valenzuela_-_Juan_Barrios,2025-12-11
https://web.opynio.com/br/empresa/Notaría_Blanca_Valenzuela_-_Juan_Barrios,2025-12-11
https://web.opynio.com/de/empresa/Parque_Great_Falls,2025-12-11
https://web.opynio.com/fr/empresa/Parque_Great_Falls,2025-12-11
https://web.opynio.com/en/empresa/Parque_Great_Falls,2025-12-11
https://web.opynio.com/co/empresa/Clinica_Veterinaria_Malasaña,2025-12-11
https://web.opynio.com/co/empresa/Notaría_Blanca_Valenzuela_-_Juan_Barrios,2025-12-11
https://web.opynio.com/mx/empresa/Parque_Great_Falls,2025-12-11
https://web.opynio.com/pt/empresa/Parque_Great_Falls,2025-12-11
https://web.opynio.com/en/empresa/Brazilian_Pizza,2025-12-11
https://web.opynio.com/es/empresa/Brazilian_Pizza,2025-12-11
https://web.opynio.com/co/empresa/Universidad_de_Coímbra,2025-12-11
https://web.opynio.com/de/empresa/Brazilian_Pizza,2025-12-11
https://web.opynio.com/ar/empresa/Brazilian_Pizza,2025-12-11
https://web.opynio.com/de/empresa/Dexia_Abogados,2025-12-11
https://web.opynio.com/de/empresa/Institut_dels_Aliments_de_Barcelona,2025-12-11
https://web.opynio.com/es/empresa/Colegio_Anglo_Americano_Santa_Fe,2025-12-11
https://web.opynio.com/pt/empresa/Business_Immigration_Lawyer,2025-12-11
https://web.opynio.com/de/empresa/SURvet_Hospital_Veterinario_de_Urgencias_24_h,2025-12-11
https://web.opynio.com/co/empresa/JFMotor_Madrid,2025-12-11
https://web.opynio.com/ar/empresa/Masía_Can_Magí,2025-12-11
https://web.opynio.com/de/empresa/Colegio_Anglo_Americano_Santa_Fe,2025-12-11
https://web.opynio.com/en/empresa/Colegio_Anglo_Americano_Santa_Fe,2025-12-11
https://web.opynio.com/pt/empresa/Ensalza:_Desarrollo_y_Diseño_web_en_Madrid,2025-12-11
https://web.opynio.com/fr/empresa/Ensalza:_Desarrollo_y_Diseño_web_en_Madrid,2025-12-11
https://web.opynio.com/br/empresa/Colegio_Anglo_Americano_Santa_Fe,2025-12-11
https://web.opynio.com/pt/empresa/Colegio_Anglo_Americano_Santa_Fe,2025-12-11
https://web.opynio.com/en/empresa/Ensalza:_Desarrollo_y_Diseño_web_en_Madrid,2025-12-11
https://web.opynio.com/en/empresa/Business_Immigration_Lawyer,2025-12-11
https://web.opynio.com/it/empresa/The_Green_Repair,2025-12-11
https://web.opynio.com/fr/empresa/Envios_Rápidos_|_DHL_Express_Agente_Autorizado_de_Envios_|_Belo_Horizonte,2025-12-11
https://web.opynio.com/de/empresa/Centro_privado_de_FP_Progresa_I,2025-12-11
https://web.opynio.com/es/empresa/Envios_Rápidos_|_DHL_Express_Agente_Autorizado_de_Envios_|_Belo_Horizonte,2025-12-11
https://web.opynio.com/mx/empresa/Centro_privado_de_FP_Progresa_I,2025-12-11
https://web.opynio.com/it/empresa/Envios_Rápidos_|_DHL_Express_Agente_Autorizado_de_Envios_|_Belo_Horizonte,2025-12-11
"https://web.opynio.com/br/empresa/INSTITUTO_MEXICANO_DE_EDUCACION_PRIMARIA_Y_SECUNDARIA,_JARDIN_DE_NIÑOS_LUPITA",2025-12-11
https://web.opynio.com/mx/empresa/Centro_Médico_Providencia_CDMX,2025-12-11
https://web.opynio.com/it/empresa/Number_16_School,2025-12-11
https://web.opynio.com/pt/empresa/DGI_Informática,2025-12-11
https://web.opynio.com/de/empresa/Number_16_School,2025-12-11
https://web.opynio.com/it/empresa/CLINICA_DENTAE_Clinica_dental_Sevilla_Dr._Carmelo_Pazos,2025-12-11
https://web.opynio.com/ar/empresa/Universidad_Nueva_de_Lisboa,2025-12-11
https://web.opynio.com/ca/empresa/Garrallà_&_Pérez_Advocats,2025-12-10
https://web.opynio.com/ar/empresa/Palacio_Copacabana,2025-12-10
https://web.opynio.com/ar/empresa/FastKey_Cerrajeros_Zaragoza,2025-12-10
https://web.opynio.com/ar/empresa/Hospital_General_de_Massachusetts,2025-12-10
https://web.opynio.com/co/empresa/Hospital_General_de_Massachusetts,2025-12-10
https://web.opynio.com/ar/empresa/Centro_Veterinario_Medican,2025-12-10
https://web.opynio.com/ar/empresa/Notaria_Alfredo_Barrau_Moreno,2025-12-10
https://web.opynio.com/br/empresa/Centro_Veterinario_Medican,2025-12-10
https://web.opynio.com/ar/empresa/Universidad_de_Coímbra,2025-12-10
https://web.opynio.com/es/empresa/Universidad_Técnica_de_Aquisgrán,2025-12-10
https://web.opynio.com/co/empresa/Aeropuerto_de_Oporto-Francisco_Sá_Carneiro,2025-12-10
https://web.opynio.com/mx/empresa/Aeropuerto_de_Oporto-Francisco_Sá_Carneiro,2025-12-10
https://web.opynio.com/de/empresa/Aeropuerto_de_Oporto-Francisco_Sá_Carneiro,2025-12-10
https://web.opynio.com/ar/empresa/Aeropuerto_de_Oporto-Francisco_Sá_Carneiro,2025-12-10
https://web.opynio.com/es/empresa/Moda_Brasil_Capão_Raso,2025-12-10
https://web.opynio.com/de/empresa/Moda_Brasil_Capão_Raso,2025-12-10
https://web.opynio.com/pt/empresa/Moda_Brasil_Capão_Raso,2025-12-10
https://web.opynio.com/pt/empresa/Pink_Mamma,2025-12-10
https://web.opynio.com/pt/empresa/Farmacia_Central,2025-12-10
https://web.opynio.com/de/empresa/Pink_Mamma,2025-12-10
https://web.opynio.com/br/empresa/G|R|A_Consultores,2025-12-10
https://web.opynio.com/es/empresa/Pink_Mamma,2025-12-10
https://web.opynio.com/it/empresa/Farmacia_Central,2025-12-10
https://web.opynio.com/es/empresa/Farmacia_Central,2025-12-10
https://web.opynio.com/co/empresa/Academia_de_idiomas_Vamos_Academy,2025-12-10
https://web.opynio.com/it/empresa/Academia_de_idiomas_Vamos_Academy,2025-12-10
https://web.opynio.com/br/empresa/Aeropuerto_de_Oporto-Francisco_Sá_Carneiro,2025-12-10
https://web.opynio.com/es/empresa/Sorriso_Harmônico|_Dentista|_Dra_Pollyana_Cinthia|_Manaus,2025-12-10
https://web.opynio.com/en/empresa/Sorriso_Harmônico|_Dentista|_Dra_Pollyana_Cinthia|_Manaus,2025-12-10
https://web.opynio.com/fr/empresa/Sorriso_Harmônico|_Dentista|_Dra_Pollyana_Cinthia|_Manaus,2025-12-10
https://web.opynio.com/mx/empresa/Hofbräu,2025-12-10
https://web.opynio.com/it/empresa/Hofbräu,2025-12-10
https://web.opynio.com/de/empresa/Carrefour_City,2025-12-10
https://web.opynio.com/br/empresa/Carrefour_City,2025-12-10
https://web.opynio.com/mx/empresa/Carrefour_City,2025-12-10
https://web.opynio.com/ar/empresa/Carrefour_City,2025-12-10
https://web.opynio.com/pt/empresa/La_Cantina_Chic,2025-12-10
https://web.opynio.com/es/empresa/La_Cantina_Chic,2025-12-10
https://web.opynio.com/mx/empresa/La_Cantina_Chic,2025-12-10
https://web.opynio.com/ar/empresa/SURvet_Hospital_Veterinario_de_Urgencias_24_h,2025-12-10
https://web.opynio.com/ar/empresa/Abogados_Sagasta_21,2025-12-10
https://web.opynio.com/it/empresa/Abogados_Sagasta_21,2025-12-10
https://web.opynio.com/de/empresa/Hospital_Veterinario_Arturo_Soria,2025-12-10
https://web.opynio.com/br/empresa/Hospital_Veterinario_Arturo_Soria,2025-12-10
https://web.opynio.com/ar/empresa/Asepyme,2025-12-10
https://web.opynio.com/de/empresa/Abogados_Sagasta_21,2025-12-10
https://web.opynio.com/ar/empresa/D·Lerma_Centro_de_Bienestar_Médico_&_Dental,2025-12-10
https://web.opynio.com/co/empresa/D·Lerma_Centro_de_Bienestar_Médico_&_Dental,2025-12-10
https://web.opynio.com/de/empresa/D·Lerma_Centro_de_Bienestar_Médico_&_Dental,2025-12-10
https://web.opynio.com/ar/empresa/Supermercato_Carrefour_Express,2025-12-10
https://web.opynio.com/en/empresa/Arc_House_Madrid,2025-12-10
https://web.opynio.com/fr/empresa/Supermercato_Carrefour_Express,2025-12-10
https://web.opynio.com/de/empresa/Supermercato_Carrefour_Express,2025-12-10
https://web.opynio.com/pt/empresa/Supermercato_Carrefour_Express,2025-12-10
https://web.opynio.com/pt/empresa/Hospital_Veterinario_Arturo_Soria,2025-12-10
https://web.opynio.com/it/empresa/Lidl,2025-12-10
https://web.opynio.com/br/empresa/Lidl,2025-12-10
https://web.opynio.com/co/empresa/UNITED_KINGDOM_ACADEMY,2025-12-10
https://web.opynio.com/br/empresa/Clínica_dental_SEDI,2025-12-10
https://web.opynio.com/de/empresa/Clínica_Veterinaria_Híspalis,2025-12-10
https://web.opynio.com/de/empresa/Shake_Shack_River_North,2025-12-10
https://web.opynio.com/mx/empresa/Shake_Shack_River_North,2025-12-10
https://web.opynio.com/br/empresa/Colégio_Luso-Suíço,2025-12-10
https://web.opynio.com/fr/empresa/Cantina_e_Cucina,2025-12-10
https://web.opynio.com/en/empresa/Hospital_Veterinario_Arturo_Soria,2025-12-10
https://web.opynio.com/de/empresa/Flor_Brasil,2025-12-10
https://web.opynio.com/pt/empresa/Novagalma_Hipotecas_en_Madrid,2025-12-10
https://web.opynio.com/ar/empresa/Arc_House_Madrid,2025-12-10
https://web.opynio.com/pt/empresa/Lidl,2025-12-10
https://web.opynio.com/mx/empresa/Arc_House_Madrid,2025-12-10
https://web.opynio.com/mx/empresa/Lidl,2025-12-10
https://web.opynio.com/en/empresa/Cerrajeria_24horas_Lasmarias,2025-12-10
https://web.opynio.com/de/empresa/Cerrajeria_24horas_Lasmarias,2025-12-10
https://web.opynio.com/co/empresa/Cerrajeria_24horas_Lasmarias,2025-12-10
https://web.opynio.com/fr/empresa/Nante-Eck_|_Restaurant_Berlin_Mitte,2025-12-10
https://web.opynio.com/it/empresa/Nante-Eck_|_Restaurant_Berlin_Mitte,2025-12-10
https://web.opynio.com/es/empresa/Nante-Eck_|_Restaurant_Berlin_Mitte,2025-12-10
https://web.opynio.com/mx/empresa/JF_Servicios_|_Fontaneros_en_Madrid_Urgentes,2025-12-10
https://web.opynio.com/de/empresa/JF_Servicios_|_Fontaneros_en_Madrid_Urgentes,2025-12-10
https://web.opynio.com/it/empresa/JF_Servicios_|_Fontaneros_en_Madrid_Urgentes,2025-12-10
https://web.opynio.com/pt/empresa/JF_Servicios_|_Fontaneros_en_Madrid_Urgentes,2025-12-10
https://web.opynio.com/fr/empresa/Centro_De_Formación_Profesional_Santa_Ana_(Privado_-_Concertado),2025-12-10
https://web.opynio.com/ar/empresa/Ouh...Babbo!,2025-12-10
https://web.opynio.com/fr/empresa/Ouh...Babbo!,2025-12-10
https://web.opynio.com/co/empresa/Fisio's_Clínica_Joaquín_Villarta,2025-12-10
https://web.opynio.com/de/empresa/Ouh...Babbo!,2025-12-10
https://web.opynio.com/de/empresa/Centro_De_Formación_Profesional_Santa_Ana_(Privado_-_Concertado),2025-12-10
https://web.opynio.com/co/empresa/Centre_medical_dentaire,2025-12-10
https://web.opynio.com/de/empresa/Centre_medical_dentaire,2025-12-10
https://web.opynio.com/br/empresa/Centre_medical_dentaire,2025-12-10
https://web.opynio.com/pt/empresa/Centre_medical_dentaire,2025-12-10
https://web.opynio.com/es/empresa/UNITED_KINGDOM_ACADEMY,2025-12-10
https://web.opynio.com/br/empresa/UNITED_KINGDOM_ACADEMY,2025-12-10
https://web.opynio.com/it/empresa/UNITED_KINGDOM_ACADEMY,2025-12-10
https://web.opynio.com/de/empresa/UNITED_KINGDOM_ACADEMY,2025-12-10
https://web.opynio.com/en/empresa/UNITED_KINGDOM_ACADEMY,2025-12-10
https://web.opynio.com/pt/empresa/Clínica_dental_Arual,2025-12-10
https://web.opynio.com/br/empresa/Cerrajeria_24horas_Lasmarias,2025-12-10
https://web.opynio.com/en/empresa/Farmàcia_Serramià_Bruxola,2025-12-10
https://web.opynio.com/mx/empresa/Clínica_dental_Arual,2025-12-10
https://web.opynio.com/de/empresa/Clínica_dental_Arual,2025-12-10
https://web.opynio.com/pt/empresa/Pedrón_Basset_|_Asesor_fiscal_Valencia,2025-12-10
https://web.opynio.com/br/empresa/Clínica_Veterinaria_Augusta,2025-12-10
https://web.opynio.com/fr/empresa/Pedrón_Basset_|_Asesor_fiscal_Valencia,2025-12-10
https://web.opynio.com/en/empresa/Pedrón_Basset_|_Asesor_fiscal_Valencia,2025-12-10
https://web.opynio.com/ar/empresa/Can_Kenji,2025-12-10
https://web.opynio.com/it/empresa/Can_Kenji,2025-12-10
https://web.opynio.com/br/empresa/Can_Kenji,2025-12-10
https://web.opynio.com/de/empresa/Can_Kenji,2025-12-10
https://web.opynio.com/en/empresa/Can_Kenji,2025-12-10
https://web.opynio.com/fr/empresa/Can_Kenji,2025-12-10
https://web.opynio.com/de/empresa/Taller_ByB_Mecánica,2025-12-10
https://web.opynio.com/ar/empresa/Pedrón_Basset_|_Asesor_fiscal_Valencia,2025-12-10
https://web.opynio.com/en/empresa/Taller_ByB_Mecánica,2025-12-10
https://web.opynio.com/ar/empresa/Taller_ByB_Mecánica,2025-12-10
https://web.opynio.com/en/empresa/Clínica_Central_do_Cartaxo,2025-12-10
https://web.opynio.com/ar/empresa/Camilo_Castelo_Branco_University,2025-12-10
https://web.opynio.com/de/empresa/Farmacia_Central,2025-12-10
https://web.opynio.com/de/empresa/Ocean_View_Hotel,2025-12-10
https://web.opynio.com/fr/empresa/Ocean_View_Hotel,2025-12-10
https://web.opynio.com/it/empresa/Ocean_View_Hotel,2025-12-10
https://web.opynio.com/co/empresa/Gil_Lozano_Abogados,2025-12-10
https://web.opynio.com/co/empresa/Notaria_Alfredo_Barrau_Moreno,2025-12-10
https://web.opynio.com/fr/empresa/Notaría_Susana_Ortega_Fernández,2025-12-10
https://web.opynio.com/pt/empresa/Notaría_Susana_Ortega_Fernández,2025-12-10
https://web.opynio.com/br/empresa/Notaría_Susana_Ortega_Fernández,2025-12-10
https://web.opynio.com/pt/empresa/Repadavi_Fontanero,2025-12-10
https://web.opynio.com/co/empresa/polski_adwokat_Berlin_I_Daniel_Ryszard_Meppen,2025-12-10
https://web.opynio.com/fr/empresa/polski_adwokat_Berlin_I_Daniel_Ryszard_Meppen,2025-12-10
https://web.opynio.com/es/empresa/polski_adwokat_Berlin_I_Daniel_Ryszard_Meppen,2025-12-10
https://web.opynio.com/br/empresa/polski_adwokat_Berlin_I_Daniel_Ryszard_Meppen,2025-12-10
https://web.opynio.com/de/empresa/Universidad_Federal_de_Acre,2025-12-10
https://web.opynio.com/co/empresa/Universidad_Federal_de_Acre,2025-12-10
https://web.opynio.com/br/empresa/Clínica_Veterinaria_Kanes,2025-12-10
https://web.opynio.com/ar/empresa/Universidad_Federal_de_Acre,2025-12-10
https://web.opynio.com/ar/empresa/Psiko_Aprende,2025-12-10
https://web.opynio.com/co/empresa/Psiko_Aprende,2025-12-10
https://web.opynio.com/fr/empresa/Psiko_Aprende,2025-12-10
https://web.opynio.com/br/empresa/Psiko_Aprende,2025-12-10
https://web.opynio.com/fr/empresa/Hampton_by_Hilton_Alcobendas_Madrid,2025-12-10
https://web.opynio.com/mx/empresa/Hampton_by_Hilton_Alcobendas_Madrid,2025-12-10
https://web.opynio.com/mx/empresa/Psiko_Aprende,2025-12-10
https://web.opynio.com/pt/empresa/Hampton_by_Hilton_Alcobendas_Madrid,2025-12-10
https://web.opynio.com/co/empresa/Hampton_by_Hilton_Alcobendas_Madrid,2025-12-10
https://web.opynio.com/it/empresa/Psiko_Aprende,2025-12-10
https://web.opynio.com/it/empresa/Clínica_Veterinária_Brasil,2025-12-10
https://web.opynio.com/ar/empresa/Clínica_Veterinária_Brasil,2025-12-10
https://web.opynio.com/fr/empresa/Clínica_Veterinária_Brasil,2025-12-10
https://web.opynio.com/ar/empresa/Clínica_Veterinaria_Kanes,2025-12-10
https://web.opynio.com/es/empresa/Feira_Moda_Brasil,2025-12-10
https://web.opynio.com/mx/empresa/Feira_Moda_Brasil,2025-12-10
https://web.opynio.com/fr/empresa/Feira_Moda_Brasil,2025-12-10
https://web.opynio.com/it/empresa/Feira_Moda_Brasil,2025-12-10
https://web.opynio.com/en/empresa/Feira_Moda_Brasil,2025-12-10
https://web.opynio.com/de/empresa/Feira_Moda_Brasil,2025-12-10
https://web.opynio.com/ar/empresa/Feira_Moda_Brasil,2025-12-10
https://web.opynio.com/br/empresa/Carrefour_Express,2025-12-10
https://web.opynio.com/ar/empresa/Fontaneros_Madrid_EU_|_Servicio_24_horas,2025-12-10
https://web.opynio.com/br/empresa/Fontaneros_Madrid_EU_|_Servicio_24_horas,2025-12-10
https://web.opynio.com/it/empresa/Fontaneros_Madrid_EU_|_Servicio_24_horas,2025-12-10
https://web.opynio.com/co/empresa/Marina_Veterinary_Center,2025-12-10
https://web.opynio.com/co/empresa/SURvet_Hospital_Veterinario_de_Urgencias_24_h,2025-12-10
https://web.opynio.com/pt/empresa/Portillo's_Chicago_–_Canal_and_Taylor,2025-12-10
https://web.opynio.com/ar/empresa/Portillo's_Chicago_–_Canal_and_Taylor,2025-12-10
https://web.opynio.com/mx/empresa/Portillo's_Chicago_–_Canal_and_Taylor,2025-12-10
https://web.opynio.com/br/empresa/Portillo's_Chicago_–_Canal_and_Taylor,2025-12-10
https://web.opynio.com/co/empresa/Portillo's_Chicago_–_Canal_and_Taylor,2025-12-10
https://web.opynio.com/ar/empresa/Clínica_Dental_en_Gran_Via_|_Eixample_|_Cabeceran_Salut,2025-12-10
https://web.opynio.com/co/empresa/Farmàcia_Chamarro_Aguilera,2025-12-10
https://web.opynio.com/br/empresa/Agencia_IA,2025-12-10
https://web.opynio.com/it/empresa/Farmàcia_Chamarro_Aguilera,2025-12-10
https://web.opynio.com/mx/empresa/Farmàcia_Chamarro_Aguilera,2025-12-10
https://web.opynio.com/mx/empresa/Floristería_la_Alfalfa,2025-12-10
https://web.opynio.com/br/empresa/Farmàcia_Chamarro_Aguilera,2025-12-10
https://web.opynio.com/co/empresa/Rechtsanwaltskanzlei_Law_Firm_Vera_Zambrano_&_Associates_-_Internationales_Recht_-_International_Law,2025-12-10
https://web.opynio.com/en/empresa/Floristería_la_Alfalfa,2025-12-10
https://web.opynio.com/co/empresa/Floristería_la_Alfalfa,2025-12-10
https://web.opynio.com/de/empresa/Farmàcia_Chamarro_Aguilera,2025-12-10
https://web.opynio.com/ar/empresa/Floristería_la_Alfalfa,2025-12-10
https://web.opynio.com/us/empresa/Roosevelt_Dental_Care_II,2025-12-10
https://web.opynio.com/mx/empresa/Clínica_Central_do_Cartaxo,2025-12-10
https://web.opynio.com/ar/empresa/Hospital_Veterinario_Valvet,2025-12-10
https://web.opynio.com/mx/empresa/fontanero24h_O´Donnell,2025-12-10
https://web.opynio.com/es/empresa/+AmorVet_Clínica_Veterinária,2025-12-10
https://web.opynio.com/mx/empresa/Farmacia_la_Verneda,2025-12-10
https://web.opynio.com/es/empresa/Externato_Cesário_Verde,2025-12-10
https://web.opynio.com/en/empresa/Centro_Clínico_Veterinario_de_Zaragoza,2025-12-10
https://web.opynio.com/co/empresa/Clínica_Veterinaria_Kanes,2025-12-10
https://web.opynio.com/ar/empresa/Durán_&_Durán_Abogados,2025-12-10
https://web.opynio.com/ar/empresa/Pilar_Sagués_Espuny_|_Advocat_–_Abogado,2025-12-10
https://web.opynio.com/en/empresa/Maxiloclinic_Barcelona,2025-12-10
https://web.opynio.com/ar/empresa/Algonkian_Regional_Park,2025-12-10
https://web.opynio.com/en/empresa/Cascada_Dental_Spa,2025-12-10
https://web.opynio.com/br/empresa/Hospital_Star_Médica_Tlalnepantla,2025-12-10
https://web.opynio.com/co/empresa/Inverdif_Asesores_EAFN,2025-12-10
https://web.opynio.com/fr/empresa/Clínica_Central_do_Cartaxo,2025-12-10
https://web.opynio.com/de/empresa/Clínica_Central_do_Cartaxo,2025-12-10
https://web.opynio.com/pt/empresa/Hospital_Star_Médica_Tlalnepantla,2025-12-10
https://web.opynio.com/es/empresa/Cascada_Dental_Spa,2025-12-10
https://web.opynio.com/es/empresa/Hospital_Star_Médica_Tlalnepantla,2025-12-10
https://web.opynio.com/de/empresa/Cascada_Dental_Spa,2025-12-10
https://web.opynio.com/pt/empresa/Artículos_Médicos_Y_De_Laboratorio,2025-12-10
https://web.opynio.com/pt/empresa/Cascada_Dental_Spa,2025-12-10
https://web.opynio.com/fr/empresa/Bemen_FP_Centre_de_Formació_Professional,2025-12-10
https://web.opynio.com/es/empresa/Artículos_Médicos_Y_De_Laboratorio,2025-12-10
https://web.opynio.com/co/empresa/Artículos_Médicos_Y_De_Laboratorio,2025-12-10
https://web.opynio.com/it/empresa/Jose_Abascal_|_GALA_Autoescuela_-_Centro_Recuperación_Puntos,2025-12-10
https://web.opynio.com/en/empresa/Jose_Abascal_|_GALA_Autoescuela_-_Centro_Recuperación_Puntos,2025-12-10
https://web.opynio.com/de/empresa/Clínica_Dental_Adeslas,2025-12-10
https://web.opynio.com/mx/empresa/Clínica_Dental_Adeslas,2025-12-10
https://web.opynio.com/fr/empresa/Cascada_Dental_Spa,2025-12-10
https://web.opynio.com/en/empresa/Clínica_Dental_Adeslas,2025-12-10
https://web.opynio.com/br/empresa/Clínica_dental_Arual,2025-12-10
https://web.opynio.com/br/empresa/Clínica_Dental_Adeslas,2025-12-10
https://web.opynio.com/de/empresa/MARÍA_LÓPEZ-GOLLONET,2025-12-10
https://web.opynio.com/fr/empresa/MARÍA_LÓPEZ-GOLLONET,2025-12-10
https://web.opynio.com/ca/empresa/Escuela_Andorrana_de_Canillo,2025-12-10
https://web.opynio.com/it/empresa/MARÍA_LÓPEZ-GOLLONET,2025-12-10
https://web.opynio.com/mx/empresa/MARÍA_LÓPEZ-GOLLONET,2025-12-10
"https://web.opynio.com/en/empresa/Red_Computer_|_Tienda_Gaming_en_Barcelona_con_MSI,_ASUS_y_Gigabyte",2025-12-10
https://web.opynio.com/it/empresa/floristería_Sofora,2025-12-10
https://web.opynio.com/it/empresa/MQDENT_-_Clínica_Dental_en_Barcelona-Sants,2025-12-10
https://web.opynio.com/co/empresa/MARÍA_LÓPEZ-GOLLONET,2025-12-10
"https://web.opynio.com/fr/empresa/Red_Computer_|_Tienda_Gaming_en_Barcelona_con_MSI,_ASUS_y_Gigabyte",2025-12-10
"https://web.opynio.com/de/empresa/Red_Computer_|_Tienda_Gaming_en_Barcelona_con_MSI,_ASUS_y_Gigabyte",2025-12-10
https://web.opynio.com/it/empresa/▷_Adria_Ferro_|_Asesor_Financiero_en_Valencia,2025-12-10
https://web.opynio.com/fr/empresa/▷_Adria_Ferro_|_Asesor_Financiero_en_Valencia,2025-12-10
"https://web.opynio.com/br/empresa/Red_Computer_|_Tienda_Gaming_en_Barcelona_con_MSI,_ASUS_y_Gigabyte",2025-12-10
https://web.opynio.com/ar/empresa/Farmàcia_Catalunya,2025-12-10
https://web.opynio.com/mx/empresa/▷_Adria_Ferro_|_Asesor_Financiero_en_Valencia,2025-12-10
https://web.opynio.com/mx/empresa/Evidensia_Sevilla_Hospital_Veterinario,2025-12-10
https://web.opynio.com/pt/empresa/Evidensia_Sevilla_Hospital_Veterinario,2025-12-10
https://web.opynio.com/fr/empresa/Marín_García_Clínica_Dental_-_Clínica_Dental_en_Barcelona,2025-12-10
https://web.opynio.com/en/empresa/Marín_García_Clínica_Dental_-_Clínica_Dental_en_Barcelona,2025-12-10
https://web.opynio.com/de/empresa/Centre_Privat/Concertat_de_Formació_Professional_Verge_de_Cortes._València,2025-12-10
https://web.opynio.com/ca/empresa/Centre_d'Atenció_Primària_de_Ciutat_de_Valls,2025-12-10
https://web.opynio.com/mx/empresa/Centre_Privat/Concertat_de_Formació_Professional_Verge_de_Cortes._València,2025-12-10
https://web.opynio.com/it/empresa/Clínica_Dental_Centro_Dental_Europa,2025-12-10
https://web.opynio.com/ar/empresa/Médicos_Especialistas,2025-12-09
https://web.opynio.com/ar/empresa/▷_Adria_Ferro_|_Asesor_Financiero_en_Valencia,2025-12-09
https://web.opynio.com/br/empresa/The_Green_Repair,2025-12-09
https://web.opynio.com/ar/empresa/Carrefour,2025-12-09
https://web.opynio.com/es/empresa/EL_SUPER_MERCADO,2025-12-09
https://web.opynio.com/pt/empresa/EL_SUPER_MERCADO,2025-12-09
https://web.opynio.com/en/empresa/Clínica_Dental_Centro_Dental_Europa,2025-12-09
https://web.opynio.com/en/empresa/Mobil,2025-12-09
https://web.opynio.com/br/empresa/Clínica_Dental_Centro_Dental_Europa,2025-12-09
https://web.opynio.com/es/empresa/Mobil,2025-12-09
https://web.opynio.com/co/empresa/Clínica_Dental_Cleardent_Sevilla,2025-12-09
https://web.opynio.com/de/empresa/Centro_Concertado_de_Formación_Profesional_Oller_1,2025-12-09
https://web.opynio.com/co/empresa/Clínica_dental_PATRODENT_-_Dra._Ángela_Martín_Gómez,2025-12-09
https://web.opynio.com/it/empresa/Barcelona_Formación,2025-12-09
https://web.opynio.com/it/empresa/Clínica_Torres_Dental,2025-12-09
https://web.opynio.com/de/empresa/Centro_Clínico_Veterinario_de_Zaragoza,2025-12-09
https://web.opynio.com/de/empresa/Au_Pied_de_Cochon,2025-12-09
https://web.opynio.com/fr/empresa/Au_Pied_de_Cochon,2025-12-09
https://web.opynio.com/ar/empresa/Smmart_Services_Gestoria_Administrativa,2025-12-09
https://web.opynio.com/ar/empresa/Floristería_Macarena,2025-12-09
https://web.opynio.com/en/empresa/Implansur_DENTISTAS,2025-12-09
https://web.opynio.com/pt/empresa/Camilo_Castelo_Branco_University,2025-12-09
https://web.opynio.com/fr/empresa/Camilo_Castelo_Branco_University,2025-12-09
https://web.opynio.com/ar/empresa/La_Tavernetta,2025-12-09
https://web.opynio.com/en/empresa/Goblue_|_Negociación_Hipotecaria_|_Servicios_Financieros,2025-12-09
https://web.opynio.com/it/empresa/Goblue_|_Negociación_Hipotecaria_|_Servicios_Financieros,2025-12-09
https://web.opynio.com/br/empresa/Clínica_Dental_Cleardent_Sevilla,2025-12-09
https://web.opynio.com/ar/empresa/Hospital_Veterinário_São_Francisco_de_Assis,2025-12-09
https://web.opynio.com/ar/empresa/Cerrajeros_Llano,2025-12-09
https://web.opynio.com/co/empresa/MODULAR_TECHNOLOGY_[_TIENDA_GAMING_VENTA_Y_REPARACIÓN_ORDENADORES_],2025-12-09
https://web.opynio.com/co/empresa/Shop_Fair_of_Alphabet_City,2025-12-09
https://web.opynio.com/br/empresa/Dentaluan,2025-12-09
https://web.opynio.com/ar/empresa/Las_frutas_del_pino,2025-12-09
https://web.opynio.com/co/empresa/Notaría_María_Rosario_de_Miguel_Roses,2025-12-09
https://web.opynio.com/br/empresa/Notaría_María_Rosario_de_Miguel_Roses,2025-12-09
https://web.opynio.com/en/empresa/Quality_Inn_&_Suites_Bell_Gardens-Los_Angeles,2025-12-09
https://web.opynio.com/mx/empresa/Quality_Inn_&_Suites_Bell_Gardens-Los_Angeles,2025-12-09
https://web.opynio.com/br/empresa/Quality_Inn_&_Suites_Bell_Gardens-Los_Angeles,2025-12-09
https://web.opynio.com/de/empresa/Quality_Inn_&_Suites_Bell_Gardens-Los_Angeles,2025-12-09
https://web.opynio.com/es/empresa/Quality_Inn_&_Suites_Bell_Gardens-Los_Angeles,2025-12-09
https://web.opynio.com/ca/empresa/Escuela_Andorrana_de_Maternal_y_Primera_Enseñanza_la_Massana,2025-12-09
https://web.opynio.com/br/empresa/Pequena_Habana,2025-12-09
https://web.opynio.com/pt/empresa/Agencia_IA,2025-12-09
https://web.opynio.com/it/empresa/Fontaneros_Madrid_|_Manuel_Bueno,2025-12-09
https://web.opynio.com/mx/empresa/Carman_Consultores_S.L.,2025-12-09
https://web.opynio.com/ar/empresa/Fontaneros_Madrid_|_Manuel_Bueno,2025-12-09
https://web.opynio.com/it/empresa/Las_frutas_del_pino,2025-12-09
https://web.opynio.com/mx/empresa/Las_frutas_del_pino,2025-12-09
https://web.opynio.com/ar/empresa/Externato_Cesário_Verde,2025-12-09
https://web.opynio.com/pt/empresa/Las_frutas_del_pino,2025-12-09
https://web.opynio.com/mx/empresa/Pequena_Habana,2025-12-09
https://web.opynio.com/it/empresa/VIVE_VIRTUAL_-_Realidad_Virtual_Barcelona,2025-12-09
https://web.opynio.com/fr/empresa/VIVE_VIRTUAL_-_Realidad_Virtual_Barcelona,2025-12-09
https://web.opynio.com/mx/empresa/Externato_Cesário_Verde,2025-12-09
https://web.opynio.com/it/empresa/Externato_Cesário_Verde,2025-12-09
https://web.opynio.com/br/empresa/Farmacia_la_Verneda,2025-12-09
https://web.opynio.com/co/empresa/Pequena_Habana,2025-12-09
https://web.opynio.com/mx/empresa/Feitoria,2025-12-09
https://web.opynio.com/it/empresa/Feitoria,2025-12-09
https://web.opynio.com/co/empresa/Feitoria,2025-12-09
https://web.opynio.com/ar/empresa/Feitoria,2025-12-09
https://web.opynio.com/mx/empresa/Shop_Fair_of_Alphabet_City,2025-12-09
https://web.opynio.com/es/empresa/Algonkian_Regional_Park,2025-12-09
https://web.opynio.com/en/empresa/Algonkian_Regional_Park,2025-12-09
https://web.opynio.com/en/empresa/Clinica_Dental_Mingari_en_Toledo_-_Tu_dentista_en_Santa_Barbara,2025-12-09
https://web.opynio.com/it/empresa/Clinica_Dental_Mingari_en_Toledo_-_Tu_dentista_en_Santa_Barbara,2025-12-09
https://web.opynio.com/co/empresa/Externato_Cesário_Verde,2025-12-09
https://web.opynio.com/pt/empresa/Clinica_Dental_Mingari_en_Toledo_-_Tu_dentista_en_Santa_Barbara,2025-12-09
https://web.opynio.com/fr/empresa/Clinica_Dental_Mingari_en_Toledo_-_Tu_dentista_en_Santa_Barbara,2025-12-09
https://web.opynio.com/it/empresa/Hospital_Veterinario_SanVet,2025-12-09
https://web.opynio.com/fr/empresa/Hospital_Veterinario_SanVet,2025-12-09
https://web.opynio.com/es/empresa/Hospital_Veterinario_SanVet,2025-12-09
https://web.opynio.com/pt/empresa/Segovia_Consulting_&_Asociados,2025-12-09
https://web.opynio.com/en/empresa/Segovia_Consulting_&_Asociados,2025-12-09
https://web.opynio.com/de/empresa/Fontaneros_Express_|_Fontanero_a_domicilio_24h,2025-12-09
https://web.opynio.com/en/empresa/Fontaneros_Express_|_Fontanero_a_domicilio_24h,2025-12-09
https://web.opynio.com/co/empresa/Algonkian_Regional_Park,2025-12-09
https://web.opynio.com/fr/empresa/Universidad_de_São_Paulo,2025-12-09
https://web.opynio.com/fr/empresa/Virtua,2025-12-09
https://web.opynio.com/de/empresa/Virtua,2025-12-09
https://web.opynio.com/en/empresa/Virtua,2025-12-09
https://web.opynio.com/fr/empresa/Farmacia_Eixample_Blau,2025-12-09
https://web.opynio.com/mx/empresa/Signum_comunicación,2025-12-09
https://web.opynio.com/co/empresa/Colégio_Luso-Suíço,2025-12-09
https://web.opynio.com/en/empresa/Frutas_Verduras_y_Viceversa,2025-12-09
https://web.opynio.com/en/empresa/Barcelona_Formación,2025-12-09
https://web.opynio.com/ar/empresa/Virtua,2025-12-09
https://web.opynio.com/de/empresa/Farmàcia_Serramià_Bruxola,2025-12-09
https://web.opynio.com/de/empresa/Reparcion_De_Aros,2025-12-09
https://web.opynio.com/it/empresa/Reparcion_De_Aros,2025-12-09
https://web.opynio.com/en/empresa/Reparcion_De_Aros,2025-12-09
https://web.opynio.com/pt/empresa/Au_Pied_de_Cochon,2025-12-09
https://web.opynio.com/de/empresa/Clínica_dental_PATRODENT_-_Dra._Ángela_Martín_Gómez,2025-12-09
https://web.opynio.com/it/empresa/NOU_MOLES_CENTRO_DE_FISIOTERAPIA_Y_ENTRENAMIENTO_PERSONAL,2025-12-09
https://web.opynio.com/en/empresa/NOU_MOLES_CENTRO_DE_FISIOTERAPIA_Y_ENTRENAMIENTO_PERSONAL,2025-12-09
https://web.opynio.com/it/empresa/Thelen_Memorial_Library,2025-12-09
https://web.opynio.com/br/empresa/Virtua,2025-12-09
https://web.opynio.com/it/empresa/Farmàcia_Serramià_Bruxola,2025-12-09
https://web.opynio.com/fr/empresa/Clínica_Dental_Cleardent_Sevilla,2025-12-09
https://web.opynio.com/mx/empresa/Clínica_Dental_Cleardent_Sevilla,2025-12-09
https://web.opynio.com/it/empresa/Clínica_Dental_Cleardent_Sevilla,2025-12-09
https://web.opynio.com/ar/empresa/Farmacia_Eixample_Blau,2025-12-09
https://web.opynio.com/mx/empresa/Dentaluan,2025-12-09
https://web.opynio.com/pt/empresa/Hospital_Veterinário_São_Francisco_de_Assis,2025-12-09
https://web.opynio.com/mx/empresa/Hospital_Veterinário_São_Francisco_de_Assis,2025-12-09
https://web.opynio.com/de/empresa/Hospital_Veterinario_SanVet,2025-12-09
https://web.opynio.com/ar/empresa/Business_Immigration_Lawyer,2025-12-09
https://web.opynio.com/co/empresa/Language_Corner,2025-12-09
https://web.opynio.com/de/empresa/Thelen_Memorial_Library,2025-12-09
https://web.opynio.com/ar/empresa/Reparcion_De_Aros,2025-12-09
https://web.opynio.com/en/empresa/Floristería_Macarena,2025-12-09
https://web.opynio.com/br/empresa/Reparcion_De_Aros,2025-12-09
https://web.opynio.com/fr/empresa/Las_Palmeras_Clínica_Veterinaria,2025-12-09
https://web.opynio.com/br/empresa/Universidad_de_las_Azores,2025-12-09
https://web.opynio.com/co/empresa/Las_Palmeras_Clínica_Veterinaria,2025-12-09
https://web.opynio.com/ar/empresa/Clínica_Veterinaria_Cantin_y_Gamboa,2025-12-09
https://web.opynio.com/es/empresa/ZARA,2025-12-09
https://web.opynio.com/ca/empresa/Bufete_Pujadas_Abogados,2025-12-09
https://web.opynio.com/co/empresa/Dacs_Veterinària,2025-12-09
https://web.opynio.com/co/empresa/Parque_Great_Falls,2025-12-09
https://web.opynio.com/co/empresa/Parque_Anacostia,2025-12-09
https://web.opynio.com/en/empresa/Médico_En_Línea,2025-12-09
https://web.opynio.com/br/empresa/Veterinary_clinic_of_Saint_Roch_Franck_Chabanel,2025-12-09
"https://web.opynio.com/es/empresa/Adomat_Immigration_-_U.S._Immigration_Law,_Visas_and_Green_Cards",2025-12-09
https://web.opynio.com/pt/empresa/NeoFisio_|_Clínica_Fisioterapia_Valencia,2025-12-09
https://web.opynio.com/it/empresa/The_Hat_Madrid,2025-12-09
https://web.opynio.com/mx/empresa/Gambero_Racing_Motos,2025-12-09
https://web.opynio.com/mx/empresa/NeoFisio_|_Clínica_Fisioterapia_Valencia,2025-12-09
https://web.opynio.com/ar/empresa/Hilton_Barra_Rio_de_Janeiro,2025-12-09
https://web.opynio.com/de/empresa/Hilton_Barra_Rio_de_Janeiro,2025-12-09
https://web.opynio.com/pt/empresa/The_Hat_Madrid,2025-12-09
https://web.opynio.com/pt/empresa/Gambero_Racing_Motos,2025-12-09
https://web.opynio.com/co/empresa/Floristería_Magdalena_Plaza,2025-12-09
"https://web.opynio.com/it/empresa/ITALAE_:_Estilo_de_Vida,_fisioterapia_y_osteopatía_en_Valencia",2025-12-09
https://web.opynio.com/ar/empresa/Envios_Rápidos_|_DHL_Express_|_Goiânia,2025-12-09
"https://web.opynio.com/de/empresa/ITALAE_:_Estilo_de_Vida,_fisioterapia_y_osteopatía_en_Valencia",2025-12-09
"https://web.opynio.com/pt/empresa/ITALAE_:_Estilo_de_Vida,_fisioterapia_y_osteopatía_en_Valencia",2025-12-09
https://web.opynio.com/fr/empresa/Floristería_Magdalena_Plaza,2025-12-09
https://web.opynio.com/it/empresa/Floristería_Magdalena_Plaza,2025-12-08
https://web.opynio.com/de/empresa/Floristería_Magdalena_Plaza,2025-12-08
https://web.opynio.com/it/empresa/Clínica_Veterinaria_Nuestra_Señora_de_Begoña,2025-12-08
https://web.opynio.com/fr/empresa/Clinica_Dental_AM,2025-12-08
https://web.opynio.com/ca/empresa/Escuela_Andorrana_de_Ordino,2025-12-08
https://web.opynio.com/co/empresa/NeoFisio_|_Clínica_Fisioterapia_Valencia,2025-12-08
https://web.opynio.com/fr/empresa/Gambero_Racing_Motos,2025-12-08
https://web.opynio.com/pt/empresa/Floristería_Magdalena_Plaza,2025-12-08
"https://web.opynio.com/it/empresa/Miguel_Morales,_asesor_financiero_en_Valencia",2025-12-08
https://web.opynio.com/co/empresa/Gambero_Racing_Motos,2025-12-08
"https://web.opynio.com/mx/empresa/Miguel_Morales,_asesor_financiero_en_Valencia",2025-12-08
https://web.opynio.com/ca/empresa/SM_Advocats_i_associats,2025-12-08
https://web.opynio.com/ar/empresa/Floristería_Magdalena_Plaza,2025-12-08
https://web.opynio.com/br/empresa/Floristería_Magdalena_Plaza,2025-12-08
https://web.opynio.com/pt/empresa/New_York_Ave_Pharmacy,2025-12-08
https://web.opynio.com/it/empresa/New_York_Ave_Pharmacy,2025-12-08
https://web.opynio.com/en/empresa/New_York_Ave_Pharmacy,2025-12-08
https://web.opynio.com/fr/empresa/New_York_Ave_Pharmacy,2025-12-08
https://web.opynio.com/it/empresa/Hotel_Madrid_Río,2025-12-08
https://web.opynio.com/it/empresa/Bufete_Plaza_Abogados,2025-12-08
https://web.opynio.com/mx/empresa/Bufete_Plaza_Abogados,2025-12-08
https://web.opynio.com/fr/empresa/Restaurante_chino_Chin_Chin,2025-12-08
https://web.opynio.com/de/empresa/Motodós,2025-12-08
https://web.opynio.com/pt/empresa/Motodós,2025-12-08
https://web.opynio.com/de/empresa/Pérez-Llorca,2025-12-08
https://web.opynio.com/it/empresa/Pérez-Llorca,2025-12-08
https://web.opynio.com/ca/empresa/Escuela_Andorrana_de_Bachillerato,2025-12-08
"https://web.opynio.com/co/empresa/Miguel_Morales,_asesor_financiero_en_Valencia",2025-12-08
https://web.opynio.com/co/empresa/Fiproyecto,2025-12-08
https://web.opynio.com/ar/empresa/New_York_Ave_Pharmacy,2025-12-08
https://web.opynio.com/co/empresa/Mercado_de_San_Juan,2025-12-08
https://web.opynio.com/br/empresa/Bufete_Plaza_Abogados,2025-12-08
https://web.opynio.com/ca/empresa/Xavier_Jordana_Advocats_Andorra,2025-12-08
https://web.opynio.com/co/empresa/FP_Escola_Pejoan_-_Curso_Grado_Superior_Higienista_Bucodental_-_Curso_Grado_Superior_Prótesis_Dental,2025-12-08
https://web.opynio.com/br/empresa/Centro_Concertado_de_Formación_Profesional_Oller_1,2025-12-08
https://web.opynio.com/ar/empresa/Farmàcia_Chamarro_Aguilera,2025-12-08
https://web.opynio.com/co/empresa/NOU_MOLES_CENTRO_DE_FISIOTERAPIA_Y_ENTRENAMIENTO_PERSONAL,2025-12-08
https://web.opynio.com/br/empresa/Clínica_Dental_Esther_Aparicio,2025-12-08
https://web.opynio.com/ar/empresa/Top_Doctors_México,2025-12-08
https://web.opynio.com/co/empresa/Clínica_Veterinária_Brasil,2025-12-08
https://web.opynio.com/it/empresa/The_Smile_Clinic_Paris_-_Cabinet_Dentaire,2025-12-08
https://web.opynio.com/it/empresa/FP_Escola_Pejoan_-_Curso_Grado_Superior_Higienista_Bucodental_-_Curso_Grado_Superior_Prótesis_Dental,2025-12-08
https://web.opynio.com/co/empresa/Cafeteria_Pan_y_Pepinillos_Café_(Madrid_Desayunos_&_Brunch),2025-12-08
https://web.opynio.com/br/empresa/Cafeteria_Pan_y_Pepinillos_Café_(Madrid_Desayunos_&_Brunch),2025-12-08
https://web.opynio.com/mx/empresa/Cafeteria_Pan_y_Pepinillos_Café_(Madrid_Desayunos_&_Brunch),2025-12-08
https://web.opynio.com/ar/empresa/Farmacia_A._Torres_24_Horas,2025-12-08
https://web.opynio.com/it/empresa/MODULAR_TECHNOLOGY_[_TIENDA_GAMING_VENTA_Y_REPARACIÓN_ORDENADORES_],2025-12-08
https://web.opynio.com/fr/empresa/Hospital_Veterinario_Arturo_Soria,2025-12-08
https://web.opynio.com/it/empresa/Hospital_Veterinario_Arturo_Soria,2025-12-08
https://web.opynio.com/mx/empresa/Notaría_Reina_Freijedo_Alvarez,2025-12-08
https://web.opynio.com/de/empresa/Notaría_Reina_Freijedo_Alvarez,2025-12-08
https://web.opynio.com/fr/empresa/Notaría_Reina_Freijedo_Alvarez,2025-12-08
https://web.opynio.com/es/empresa/HCA_Florida_South_Tampa_Hospital,2025-12-08
https://web.opynio.com/pt/empresa/HCA_Florida_South_Tampa_Hospital,2025-12-08
https://web.opynio.com/de/empresa/HCA_Florida_South_Tampa_Hospital,2025-12-08
https://web.opynio.com/en/empresa/CiPASSO,2025-12-08
https://web.opynio.com/mx/empresa/CiPASSO,2025-12-08
https://web.opynio.com/mx/empresa/Vet_Veterinary_Service,2025-12-08
https://web.opynio.com/en/empresa/Vet_Veterinary_Service,2025-12-08
https://web.opynio.com/co/empresa/Vet_Veterinary_Service,2025-12-08
https://web.opynio.com/de/empresa/Farmàcia_Catalunya,2025-12-08
https://web.opynio.com/en/empresa/Farmàcia_Catalunya,2025-12-08
https://web.opynio.com/en/empresa/Flor_Brasil,2025-12-08
https://web.opynio.com/it/empresa/Flor_Brasil,2025-12-08
https://web.opynio.com/pt/empresa/Flor_Brasil,2025-12-08
https://web.opynio.com/ar/empresa/FP_Escola_Pejoan_-_Curso_Grado_Superior_Higienista_Bucodental_-_Curso_Grado_Superior_Prótesis_Dental,2025-12-08
https://web.opynio.com/de/empresa/AV_Company_|_Agencia_de_Diseño_de_Paginas_Web,2025-12-08
https://web.opynio.com/it/empresa/AV_Company_|_Agencia_de_Diseño_de_Paginas_Web,2025-12-08
https://web.opynio.com/de/empresa/JR_Abogados,2025-12-08
https://web.opynio.com/pt/empresa/JR_Abogados,2025-12-08
https://web.opynio.com/fr/empresa/Clinica_Veterinaria_MadridRio,2025-12-08
https://web.opynio.com/co/empresa/Hospital_Veterinario_Arturo_Soria,2025-12-08
https://web.opynio.com/co/empresa/Clínica_Dental_Esther_Aparicio,2025-12-08
https://web.opynio.com/co/empresa/Notaría_Reina_Freijedo_Alvarez,2025-12-08
https://web.opynio.com/ar/empresa/Dentymed_Paris_20-_Center_Medical_And_Dental_Gambetta-Pyrénées,2025-12-08
https://web.opynio.com/co/empresa/CiPASSO,2025-12-08
https://web.opynio.com/br/empresa/Chabaneix_Abogados,2025-12-08
https://web.opynio.com/ar/empresa/HCA_Florida_South_Tampa_Hospital,2025-12-08
https://web.opynio.com/en/empresa/Dentymed_Paris_20-_Center_Medical_And_Dental_Gambetta-Pyrénées,2025-12-08
https://web.opynio.com/de/empresa/Vet_Veterinary_Service,2025-12-08
https://web.opynio.com/fr/empresa/Vet_Veterinary_Service,2025-12-08
https://web.opynio.com/fr/empresa/Farmàcia_Catalunya,2025-12-08
https://web.opynio.com/fr/empresa/Gestoria_Cerdán,2025-12-08
https://web.opynio.com/es/empresa/Flor_Brasil,2025-12-08
https://web.opynio.com/fr/empresa/Flor_Brasil,2025-12-08
https://web.opynio.com/en/empresa/JR_Abogados,2025-12-08
https://web.opynio.com/ar/empresa/G|R|A_Consultores,2025-12-08
https://web.opynio.com/ar/empresa/Gestoria_Cerdán,2025-12-08
https://web.opynio.com/co/empresa/Au_Pied_de_Cochon,2025-12-08
https://web.opynio.com/co/empresa/Flor_Brasil,2025-12-08
https://web.opynio.com/de/empresa/CiPASSO,2025-12-08
https://web.opynio.com/de/empresa/Floristería_Flores_Ricardo,2025-12-08
https://web.opynio.com/en/empresa/G|R|A_Consultores,2025-12-08
https://web.opynio.com/mx/empresa/G|R|A_Consultores,2025-12-08
https://web.opynio.com/pt/empresa/G|R|A_Consultores,2025-12-08
https://web.opynio.com/mx/empresa/Restaurante_CHE_KIANG,2025-12-08
https://web.opynio.com/en/empresa/Alma,2025-12-08
https://web.opynio.com/de/empresa/Alma,2025-12-08
https://web.opynio.com/es/empresa/Alma,2025-12-08
https://web.opynio.com/it/empresa/Alma,2025-12-08
https://web.opynio.com/pt/empresa/HanSo_Café,2025-12-08
https://web.opynio.com/fr/empresa/ULIC_CENTRE,2025-12-08
https://web.opynio.com/br/empresa/Alma,2025-12-08
https://web.opynio.com/co/empresa/Azul_Histórico,2025-12-08
https://web.opynio.com/co/empresa/ULIC_CENTRE,2025-12-08
https://web.opynio.com/ar/empresa/MODULAR_TECHNOLOGY_[_TIENDA_GAMING_VENTA_Y_REPARACIÓN_ORDENADORES_],2025-12-08
https://web.opynio.com/br/empresa/El_Maño_Cerrajeros_Zaragoza,2025-12-08
https://web.opynio.com/br/empresa/CiPASSO,2025-12-08
https://web.opynio.com/ar/empresa/Academia_de_idiomas_Vamos_Academy,2025-12-08
https://web.opynio.com/br/empresa/Gestoria_Barcelona,2025-12-08
https://web.opynio.com/ar/empresa/Hampton_by_Hilton_Alcobendas_Madrid,2025-12-08
https://web.opynio.com/co/empresa/Camilo_Castelo_Branco_University,2025-12-08
https://web.opynio.com/co/empresa/Olivares_Despacho_de_Abogados,2025-12-08
https://web.opynio.com/mx/empresa/Clínica_Veterinaria_Canopus,2025-12-08
https://web.opynio.com/en/empresa/floristería_Sofora,2025-12-08
https://web.opynio.com/de/empresa/floristería_Sofora,2025-12-08
https://web.opynio.com/fr/empresa/floristería_Sofora,2025-12-08
https://web.opynio.com/mx/empresa/floristería_Sofora,2025-12-08
https://web.opynio.com/fr/empresa/Consultorios_Medicos,2025-12-08
https://web.opynio.com/ar/empresa/S_&_C_Gestoria,2025-12-08
https://web.opynio.com/co/empresa/Palacio_Copacabana,2025-12-08
https://web.opynio.com/br/empresa/floristería_Sofora,2025-12-08
https://web.opynio.com/co/empresa/Consultorios_Medicos,2025-12-08
https://web.opynio.com/br/empresa/Consultorios_Medicos,2025-12-08
https://web.opynio.com/es/empresa/Consultorios_Medicos,2025-12-08
https://web.opynio.com/es/empresa/Aeropuerto_De_Vila_Real,2025-12-08
https://web.opynio.com/de/empresa/Aeropuerto_De_Vila_Real,2025-12-08
https://web.opynio.com/co/empresa/Aeropuerto_De_Vila_Real,2025-12-08
https://web.opynio.com/ar/empresa/Aeropuerto_De_Vila_Real,2025-12-08
https://web.opynio.com/mx/empresa/Talleres_Mecánicos_Malgar,2025-12-08
https://web.opynio.com/it/empresa/Talleres_Mecánicos_Malgar,2025-12-08
https://web.opynio.com/en/empresa/Talleres_Mecánicos_Malgar,2025-12-08
https://web.opynio.com/fr/empresa/Médicos_Especialistas,2025-12-08
https://web.opynio.com/de/empresa/Kurai_Restaurante_Japonés,2025-12-08
https://web.opynio.com/fr/empresa/El_Ahorro_Supermarket_#15,2025-12-08
https://web.opynio.com/it/empresa/El_Ahorro_Supermarket_#15,2025-12-08
https://web.opynio.com/pt/empresa/Universidad_Humboldt_de_Berlín,2025-12-08
https://web.opynio.com/fr/empresa/Universidad_Humboldt_de_Berlín,2025-12-08
https://web.opynio.com/es/empresa/Universidad_Humboldt_de_Berlín,2025-12-08
https://web.opynio.com/ar/empresa/Universidad_Humboldt_de_Berlín,2025-12-08
https://web.opynio.com/fr/empresa/Dentego_Paris_10_-_Keter,2025-12-08
https://web.opynio.com/br/empresa/El_Ahorro_Supermarket_#15,2025-12-08
https://web.opynio.com/ar/empresa/Whole_Foods_Market,2025-12-08
https://web.opynio.com/ar/empresa/Tempura-Ya,2025-12-08
https://web.opynio.com/co/empresa/Tempura-Ya,2025-12-08
https://web.opynio.com/br/empresa/Tempura-Ya,2025-12-08
https://web.opynio.com/mx/empresa/Clínica_Veterinaria_Híspalis,2025-12-08
https://web.opynio.com/ar/empresa/Clínica_Veterinaria_Híspalis,2025-12-08
https://web.opynio.com/it/empresa/Clínica_Veterinaria_Híspalis,2025-12-08
https://web.opynio.com/co/empresa/PUNTO_MEDICO,2025-12-08
https://web.opynio.com/fr/empresa/PUNTO_MEDICO,2025-12-08
https://web.opynio.com/en/empresa/Dávila_Auto.,2025-12-08
https://web.opynio.com/en/empresa/S_&_C_Gestoria,2025-12-08
https://web.opynio.com/fr/empresa/S_&_C_Gestoria,2025-12-08
https://web.opynio.com/mx/empresa/Centro_Veterinario_Mozart,2025-12-08
https://web.opynio.com/it/empresa/Clinica_Dental_AM,2025-12-08
https://web.opynio.com/ar/empresa/Dávila_Auto.,2025-12-08
https://web.opynio.com/ar/empresa/Universidade_Federal_do_Rio_de_Janeiro,2025-12-08
https://web.opynio.com/co/empresa/Shake_Shack_River_North,2025-12-08
https://web.opynio.com/en/empresa/Clinica_Dental_AM,2025-12-08
https://web.opynio.com/br/empresa/Clinica_Dental_AM,2025-12-08
https://web.opynio.com/ca/empresa/LEGALIS_Advocats,2025-12-08
https://web.opynio.com/br/empresa/Dávila_Auto.,2025-12-08
https://web.opynio.com/it/empresa/BCN_Clinica_Veterinaria,2025-12-08
https://web.opynio.com/pt/empresa/BCN_Clinica_Veterinaria,2025-12-08
https://web.opynio.com/mx/empresa/BCN_Clinica_Veterinaria,2025-12-08
https://web.opynio.com/de/empresa/Clínica_Veterinaria_del_Mar_-_Sicília,2025-12-08
https://web.opynio.com/de/empresa/Boutique_Brazil,2025-12-08
https://web.opynio.com/de/empresa/Dinamiq_|_Agencia_SEO,2025-12-07
https://web.opynio.com/pt/empresa/Dinamiq_|_Agencia_SEO,2025-12-07
https://web.opynio.com/it/empresa/Clínica_Veterinaria_San_Fernando,2025-12-07
https://web.opynio.com/co/empresa/Pane_e_Salame,2025-12-07
https://web.opynio.com/ar/empresa/Alma,2025-12-07
https://web.opynio.com/co/empresa/Clínica_Torres_Dental,2025-12-07
https://web.opynio.com/ca/empresa/Delvy_Andorra,2025-12-07
https://web.opynio.com/mx/empresa/JR_Abogados,2025-12-07
https://web.opynio.com/pt/empresa/Smmart_Services_Gestoria_Administrativa,2025-12-07
https://web.opynio.com/it/empresa/La_Tavernetta,2025-12-07
https://web.opynio.com/br/empresa/DentalPro_Roma_Via_Tiburtina,2025-12-07
"https://web.opynio.com/br/empresa/Esthetix_Dentist,_Especialista_en_Implantes_Dentales_y_Estética_de_NYC",2025-12-07
https://web.opynio.com/co/empresa/Clínica_Dental_Centro_Dental_Europa,2025-12-07
https://web.opynio.com/ar/empresa/+AmorVet_Clínica_Veterinária,2025-12-07
https://web.opynio.com/mx/empresa/FastKey_Cerrajeros_Zaragoza,2025-12-07
https://web.opynio.com/ar/empresa/OBRAS_DE_POCERIA_EN_MADRID_-_DESATRANCOS_-_ATASCOS_-_SECOM,2025-12-07
https://web.opynio.com/en/empresa/HCA_Florida_South_Tampa_Hospital,2025-12-07
https://web.opynio.com/pt/empresa/Las_Palmeras_Clínica_Veterinaria,2025-12-07
https://web.opynio.com/fr/empresa/Centro_Clínico_Veterinario_de_Zaragoza,2025-12-07
https://web.opynio.com/co/empresa/Floristería_Macarena,2025-12-07
https://web.opynio.com/mx/empresa/Las_Palmeras_Clínica_Veterinaria,2025-12-07
https://web.opynio.com/br/empresa/Las_Palmeras_Clínica_Veterinaria,2025-12-07
https://web.opynio.com/br/empresa/Crearmax_Informàtica,2025-12-07
https://web.opynio.com/pt/empresa/Outlet_Premium,2025-12-07
https://web.opynio.com/co/empresa/Centro_privado_de_FP_Progresa_I,2025-12-07
https://web.opynio.com/ar/empresa/Anwaltskanzlei_Sebastian_Schales_-_Fachanwalt_für_Strafrecht,2025-12-07
https://web.opynio.com/br/empresa/Frutería_Granada_-_Entrega_domicilio,2025-12-07
https://web.opynio.com/br/empresa/Cerrajería_y_Persianas_Patxi,2025-12-07
https://web.opynio.com/co/empresa/Jose_Abascal_|_GALA_Autoescuela_-_Centro_Recuperación_Puntos,2025-12-07
https://web.opynio.com/ar/empresa/Clínica_de_𝗙𝗶𝘀𝗶𝗼𝘁𝗲𝗿𝗮𝗽𝗶𝗮_Sospedra_Avenida_de_Baleares_|_Centro_de_Recuperación_Integral,2025-12-07
https://web.opynio.com/br/empresa/Carrefour_Market,2025-12-07
https://web.opynio.com/co/empresa/BLESS_Restaurant,2025-12-07
https://web.opynio.com/br/empresa/NeoFisio_|_Clínica_Fisioterapia_Valencia,2025-12-07
https://web.opynio.com/co/empresa/Bufete_Plaza_Abogados,2025-12-07
https://web.opynio.com/co/empresa/Hyatt_Centric_Gran_Via_Madrid,2025-12-07
https://web.opynio.com/co/empresa/BCN_Clinica_Veterinaria,2025-12-07
https://web.opynio.com/br/empresa/Clínica_Veterinaria_Sant_Andreu_-_Riera_Alta,2025-12-07
https://web.opynio.com/ar/empresa/Kanzlei_Bahia_Wagner,2025-12-07
https://web.opynio.com/br/empresa/Floristeria_Claveles,2025-12-07
https://web.opynio.com/ar/empresa/Imprimakers,2025-12-07
https://web.opynio.com/ar/empresa/TIPSA_TRIANA,2025-12-07
"https://web.opynio.com/ar/empresa/Elisabet_Poveda_Guillén,_Fachanwältin_für_Sozialrecht",2025-12-07
https://web.opynio.com/co/empresa/Can_Kenji,2025-12-07
https://web.opynio.com/co/empresa/AniCura_Glòries_Hospital_Veterinario,2025-12-07
https://web.opynio.com/pt/buscar,2025-12-07
https://web.opynio.com/es/empresa/Kanzlei_Frank_Dieter_Müller_&_Asoc._-_BG_Krieger,2025-12-07
https://web.opynio.com/pt/empresa/Kanzlei_Frank_Dieter_Müller_&_Asoc._-_BG_Krieger,2025-12-07
https://web.opynio.com/it/empresa/Clinique_Dentaire_Guy_Môquet_Marcadet®_-_Paris_75_I_Orthodontie_I_Invisalign_I_Implant_dentaire_I_Endodontie,2025-12-07
https://web.opynio.com/ar/empresa/GESTORIA_GABALDÓN,2025-12-07
https://web.opynio.com/fr/empresa/El_Jardín_de_las_Palmeras,2025-12-06
https://web.opynio.com/es/empresa/Médicos_a_Domicilio_y_en_Línea_en_México_|_mediQó,2025-12-06
https://web.opynio.com/ar/empresa/Crearmax_Informàtica,2025-12-06
https://web.opynio.com/br/empresa/Universidad_Humboldt_de_Berlín,2025-12-06
https://web.opynio.com/co/empresa/Taller_Neumaticos_y_Mecanica_Alcala,2025-12-06
https://web.opynio.com/it/empresa/DGI_Informática,2025-12-06
https://web.opynio.com/de/empresa/Clínica_Dental_Centro_Dental_Europa,2025-12-06
https://web.opynio.com/co/empresa/CIP_FP_Ausiàs_March_en_Valencia,2025-12-06
https://web.opynio.com/br/empresa/AMATIC_Consulting_|_Marketing_Digital_|_Diseño_web_y_SEO_|_Desarrollo_Apps_|_Redes_Sociales_|_Soluciones_Cloud_|_Sistemas,2025-12-06
https://web.opynio.com/de/empresa/Psiko_Aprende,2025-12-06
https://web.opynio.com/co/empresa/LA_MINA_DIGITAL,2025-12-06
https://web.opynio.com/de/empresa/Externato_Cesário_Verde,2025-12-06
https://web.opynio.com/br/empresa/FISIOACTIF_VALENCIA,2025-12-06
https://web.opynio.com/br/empresa/Mola!_Hostel_Madrid,2025-12-06
https://web.opynio.com/br/empresa/BCN_Clinica_Veterinaria,2025-12-06
https://web.opynio.com/it/empresa/Equilibrium_Central_Wellness,2025-12-06
https://web.opynio.com/ar/empresa/Casa_Theodoro,2025-12-06
https://web.opynio.com/ar/empresa/3DSAT,2025-12-06
https://web.opynio.com/ar/empresa/EL_SUPER_MERCADO,2025-12-06
https://web.opynio.com/br/empresa/Language_Corner,2025-12-06
https://web.opynio.com/mx/empresa/Floristeria_Sevilla_Este,2025-12-06
https://web.opynio.com/de/empresa/Clínica_Dental_DEN_Barcelona,2025-12-06
https://web.opynio.com/br/empresa/DentalCenter,2025-12-06
https://web.opynio.com/co/empresa/Centre_Privat/Concertat_de_Formació_Professional_Verge_de_Cortes._València,2025-12-06
https://web.opynio.com/ar/empresa/Clínica_Dental_POLIDENT,2025-12-06
https://web.opynio.com/mx/empresa/Business_Immigration_Lawyer,2025-12-06
https://web.opynio.com/br/empresa/Anwaltskanzlei_Sebastian_Schales_-_Fachanwalt_für_Strafrecht,2025-12-06
https://web.opynio.com/br/empresa/PCinstant,2025-12-06
https://web.opynio.com/pt/empresa/Crearmax_Informàtica,2025-12-06
https://web.opynio.com/br/empresa/Thelen_Memorial_Library,2025-12-06
https://web.opynio.com/co/empresa/Brazil_Gourmet_Pizzeria_&_Grill,2025-12-06
"https://web.opynio.com/br/empresa/FuturVía_|_Desarrollo_Web_en_Drupal,_Tiendas_Online_y_Hosting_Profesional",2025-12-06
https://web.opynio.com/en/empresa/Kanzlei_Frank_Dieter_Müller_&_Asoc._-_BG_Krieger,2025-12-06
https://web.opynio.com/ar/empresa/Clinica_Dental_Caser_Toledo,2025-12-06
https://web.opynio.com/fr/empresa/FP_Escola_Pejoan_-_Curso_Grado_Superior_Higienista_Bucodental_-_Curso_Grado_Superior_Prótesis_Dental,2025-12-06
https://web.opynio.com/co/empresa/Capitol_Formación_Profesional,2025-12-06
https://web.opynio.com/br/empresa/VETERINARIA_LOS_ÁNGELES,2025-12-06
https://web.opynio.com/co/empresa/ILERNA_Barcelona_-_Centro_de_Formación_Profesional,2025-12-06
https://web.opynio.com/co/empresa/DGI_Informática,2025-12-06
https://web.opynio.com/pt/empresa/FP_Escola_Pejoan_-_Curso_Grado_Superior_Higienista_Bucodental_-_Curso_Grado_Superior_Prótesis_Dental,2025-12-06
https://web.opynio.com/br/empresa/The_Hat_Madrid,2025-12-06
https://web.opynio.com/ar/empresa/Clinique_Dentaire_Guy_Môquet_Marcadet®_-_Paris_75_I_Orthodontie_I_Invisalign_I_Implant_dentaire_I_Endodontie,2025-12-06
https://web.opynio.com/co/empresa/Shuffle_214,2025-12-06
https://web.opynio.com/br/empresa/Olivares_Despacho_de_Abogados,2025-12-06
https://web.opynio.com/mx/empresa/Kanzlei_Frank_Dieter_Müller_&_Asoc._-_BG_Krieger,2025-12-06
https://web.opynio.com/ar/empresa/The_Hat_Madrid,2025-12-06
https://web.opynio.com/de/empresa/Pets_&_Vets,2025-12-06
https://web.opynio.com/br/empresa/Le_Morne_Abogados,2025-12-06
https://web.opynio.com/es/empresa/Médicos_Especialistas,2025-12-05
https://web.opynio.com/en/empresa/Clínica_Veterinaria_Nuestra_Señora_de_Begoña,2025-12-05
https://web.opynio.com/br/empresa/Restaurante_Pato_Laqueado,2025-12-05
https://web.opynio.com/co/empresa/Arc_House_Madrid,2025-12-05
https://web.opynio.com/co/empresa/Blue_Parrot_School_Madrid_-_Escuela_de_idiomas,2025-12-05
https://web.opynio.com/de/empresa/Universidade_do_Estado_do_Rio_de_Janeiro,2025-12-05
https://web.opynio.com/ar/empresa/OrtizLopez-Rechtsberatung,2025-12-05
https://web.opynio.com/br/empresa/Goblue_|_Negociación_Hipotecaria_|_Servicios_Financieros,2025-12-05
https://web.opynio.com/co/empresa/The_Green_Repair,2025-12-05
https://web.opynio.com/co/empresa/Goblue_|_Negociación_Hipotecaria_|_Servicios_Financieros,2025-12-05
https://web.opynio.com/ar/empresa/Consultorios_Medicos,2025-12-05
https://web.opynio.com/br/empresa/ESTRAPEY_FINANZA._Asesores_Bancarios_y_Financieros._Financiación._Rentabilidad._Ahorros,2025-12-05
https://web.opynio.com/en/empresa/Clínica_Dental_Sd,2025-12-05
https://web.opynio.com/fr/empresa/Clínica_Dental_Sedano,2025-12-05
https://web.opynio.com/fr/empresa/BCN_Clinica_Veterinaria,2025-12-05
https://web.opynio.com/co/empresa/Rhenus_Logistics_Sevilla_Road,2025-12-05
https://web.opynio.com/ar/empresa/Notaria_Madridejos-Tena_Madrid,2025-12-05
https://web.opynio.com/ar/empresa/El_Celler_de_Can_Torrens,2025-12-05
https://web.opynio.com/br/empresa/Bemen_FP_Centre_de_Formació_Professional,2025-12-05
https://web.opynio.com/co/empresa/Gestoria_JACO,2025-12-05
https://web.opynio.com/co/empresa/Bemen_FP_Centre_de_Formació_Professional,2025-12-05
https://web.opynio.com/br/empresa/MQDENT_-_Clínica_Dental_en_Barcelona-Sants,2025-12-04
https://web.opynio.com/ar/empresa/Universidad_Federal_de_Pernambuco,2025-12-04
https://web.opynio.com/br/empresa/Clinica_Dental_Caser_Toledo,2025-12-04
https://web.opynio.com/ar/empresa/Delta_Mensajeros,2025-12-04
https://web.opynio.com/br/empresa/Fontaneros_Madrid_|_Manuel_Bueno,2025-12-04
https://web.opynio.com/co/empresa/Restaurante_Chino_Amistad,2025-12-04
https://web.opynio.com/co/empresa/Restaurante_Mercaderes,2025-12-04
https://web.opynio.com/ar/empresa/The_Boulevard_ITN,2025-12-04
https://web.opynio.com/co/empresa/The_Hat_Madrid,2025-12-04
https://web.opynio.com/co/empresa/Clínica_Dental_Cleardent_Granada,2025-12-04
https://web.opynio.com/co/empresa/Clínica_Veterinaria_Sevilla_Este,2025-12-04
https://web.opynio.com/br/empresa/Top_Doctors_México,2025-12-04
https://web.opynio.com/co/empresa/Cerrajería_y_Persianas_Patxi,2025-12-04
https://web.opynio.com/ar/empresa/Clínica_Veterinaria_del_Mar_-_Sicília,2025-12-04
https://web.opynio.com/ar/empresa/Arboretum_Nacional_de_Estados_Unidos,2025-12-04
https://web.opynio.com/ar/empresa/Notaría_García_Ortiz,2025-12-04
https://web.opynio.com/br/empresa/Implansur_DENTISTAS,2025-12-04
https://web.opynio.com/br/empresa/Unidade_Local_Saúde_Médio_Tejo_E.P.E,2025-12-04
https://web.opynio.com/co/empresa/Equipo_medico_Mexico.,2025-12-04
https://web.opynio.com/ar/empresa/Colegio_Anglo_Americano_Santa_Fe,2025-12-04
https://web.opynio.com/br/empresa/Marina_Veterinary_Center,2025-12-04
https://web.opynio.com/ar/empresa/bp,2025-12-03
https://web.opynio.com/br/empresa/Clínica_Dental_Instituto_Dental_Lebrón,2025-12-03
https://web.opynio.com/co/empresa/Masía_Can_Magí,2025-12-03
https://web.opynio.com/ar/empresa/Pets_&_Vets,2025-12-03
https://web.opynio.com/br/empresa/Clínica_dental_De_Castro_🦷_Dentista_en_Sevilla,2025-12-03
https://web.opynio.com/br/empresa/VIVE_VIRTUAL_-_Realidad_Virtual_Barcelona,2025-12-03
https://web.opynio.com/pt/empresa/Cafeteria_Pan_y_Pepinillos_Café_(Madrid_Desayunos_&_Brunch),2025-12-03
https://web.opynio.com/co/empresa/Institut_dels_Aliments_de_Barcelona,2025-12-03
https://web.opynio.com/pt/empresa/Clinique_Dentaire_Guy_Môquet_Marcadet®_-_Paris_75_I_Orthodontie_I_Invisalign_I_Implant_dentaire_I_Endodontie,2025-12-03
https://web.opynio.com/ar/empresa/Inverdif_Asesores_EAFN,2025-12-03
https://web.opynio.com/ar/empresa/Clinica_Veterinaria_San_Giovanni_H24,2025-12-03
https://web.opynio.com/ar/empresa/Shake_Shack_River_North,2025-12-03
https://web.opynio.com/br/empresa/Hospital_Veterinario_La_Salle_24h,2025-12-03
https://web.opynio.com/ar/empresa/Clínica_Dental_Esther_Aparicio,2025-12-03
https://web.opynio.com/br/empresa/Mobil,2025-12-03
https://web.opynio.com/co/empresa/Mola!_Hostel_Madrid,2025-12-03
"https://web.opynio.com/pt/empresa/ISEIE_Innovation_School_|_Formación_universitaria,_masters,_cursos_online",2025-12-03
https://web.opynio.com/es/empresa/CiPASSO,2025-12-03
https://web.opynio.com/de/empresa/Tempura-Ya,2025-12-03
https://web.opynio.com/mx/empresa/Floristería_La_Favorita_S.L,2025-12-03
https://web.opynio.com/ar/empresa/Equilibrium_Central_Wellness,2025-12-03
https://web.opynio.com/ar/empresa/Farmacia_la_Verneda,2025-12-03
https://web.opynio.com/br/empresa/Talleres_Start_Up_Garage,2025-12-03
https://web.opynio.com/co/empresa/Centre_Dentaire_Avenue_De_Clichy_-_Paris_17_-_GranDental,2025-12-03
https://web.opynio.com/ar/empresa/Clinica_Veterinaria_MadridRio,2025-12-03
https://web.opynio.com/ar/empresa/Hospital_4Cats_-_Brasil,2025-12-03
https://web.opynio.com/ar/empresa/Mudanzas_El_Cid,2025-12-03
https://web.opynio.com/ca/empresa/Miró_Advocats,2025-12-03
https://web.opynio.com/ar/empresa/Outlet_Premium,2025-12-03
https://web.opynio.com/co/empresa/Envios_Rápidos_|_DHL_Express_|_Goiânia,2025-12-03
https://web.opynio.com/ar/empresa/Nico_Sander_-_Rechtsanwalt/Wirtschaftsmediator,2025-12-03
https://web.opynio.com/ar/empresa/polski_adwokat_Berlin_I_Daniel_Ryszard_Meppen,2025-12-03
https://web.opynio.com/br/empresa/JFMotor_Madrid,2025-12-03
https://web.opynio.com/br/empresa/Clínica_dental_MAEX_Bernabeu,2025-12-03
https://web.opynio.com/pt/empresa/Centro_de_Formación_Profesional_Rodrigo_Giorgeta,2025-12-03
https://web.opynio.com/de/empresa/La_Cantina_Chic,2025-12-03
https://web.opynio.com/co/empresa/Boutique_Brazil,2025-12-03
https://web.opynio.com/br/empresa/FONTANEROS_URGENCIAS_24_HORAS_MADRID,2025-12-03
https://web.opynio.com/ar/empresa/Motodós,2025-12-03
https://web.opynio.com/ar/empresa/Institut_dels_Aliments_de_Barcelona,2025-12-03
https://web.opynio.com/co/empresa/Menéndez_Ortodoncia_Invisible_Granada,2025-12-02
https://web.opynio.com/ar/empresa/Menéndez_Ortodoncia_Invisible_Granada,2025-12-02
https://web.opynio.com/br/empresa/Hospital_Veterinario_Mediterráneo,2025-12-02
https://web.opynio.com/ar/empresa/Language_Corner,2025-12-02
https://web.opynio.com/ar/empresa/NOTARIOS_ORENSE_8,2025-12-02
https://web.opynio.com/co/empresa/Médica_San_Cosme,2025-12-02
https://web.opynio.com/br/empresa/Clínica_Veterinaria_en_Sevilla_Este_Estivet,2025-12-02
https://web.opynio.com/co/empresa/Frutería_Hermanos_Escudero,2025-12-02
https://web.opynio.com/co/empresa/Quality_Inn_&_Suites_Bell_Gardens-Los_Angeles,2025-12-02
https://web.opynio.com/fr/empresa/Frutas_Verduras_y_Viceversa,2025-12-02
https://web.opynio.com/co/empresa/Floristería_La_Favorita_S.L,2025-12-02
https://web.opynio.com/pt/empresa/Thelen_Memorial_Library,2025-12-02
https://web.opynio.com/br/empresa/Academia_de_idiomas_Vamos_Academy,2025-12-02
https://web.opynio.com/ar/empresa/Clínica_de_Especialidades_Médicas_|_Fisiolife_Valencia,2025-12-02
https://web.opynio.com/co/empresa/Farmacia_Central,2025-12-02
https://web.opynio.com/br/empresa/Médicos_a_Domicilio_y_en_Línea_en_México_|_mediQó,2025-12-02
https://web.opynio.com/co/empresa/Business_Immigration_Lawyer,2025-12-02
https://web.opynio.com/ar/empresa/Agencia_SEO_HolaPixel,2025-12-02
https://web.opynio.com/br/empresa/Centro_Ciutat_Vella,2025-12-02
https://web.opynio.com/br/empresa/Que_Sazon_South_American_Cuisine_&_Ceviche_Bar,2025-12-02
https://web.opynio.com/br/empresa/ABONAVIDA,2025-12-02
https://web.opynio.com/ca/empresa/Sicoris_Advocats,2025-12-02
https://web.opynio.com/br/empresa/Menéndez_Ortodoncia_Invisible_Granada,2025-12-02
https://web.opynio.com/co/empresa/Medivet_24_Horas_Los_Sauces_Chamberi,2025-12-02
https://web.opynio.com/pt/empresa/Clínica_Veterinaria_Portacoeli_S.L.,2025-12-01
https://web.opynio.com/en/empresa/Finaval._Tu_Asesor_Finaciero,2025-12-01
https://web.opynio.com/ca/empresa/Centro_Escolar_German_Riba_-_Escuela_Andorrana_de_Maternal_y_1ª_Enseñanza_y_Escuela_Francesa,2025-12-01
https://web.opynio.com/it/empresa/Aeropuerto_de_Oporto-Francisco_Sá_Carneiro,2025-12-01
https://web.opynio.com/en/empresa/Imprimakers,2025-12-01
https://web.opynio.com/en/empresa/Escola_Alemã_de_Lisboa_/_Deutsche_Schule_Lissabon,2025-12-01
https://web.opynio.com/es/empresa/Palma_&_Palma_Abogados,2025-12-01
https://web.opynio.com/pt/empresa/Fontaneros_Express_|_Fontanero_a_domicilio_24h,2025-12-01
https://web.opynio.com/pt/empresa/Farmacia_A._Torres_24_Horas,2025-12-01
https://web.opynio.com/en/empresa/Clínica_Solarejo_Dental,2025-12-01
https://web.opynio.com/fr/empresa/Clínica_Dental_POLIDENT,2025-12-01
https://web.opynio.com/co/empresa/Supermercato_Carrefour_Express,2025-12-01
https://web.opynio.com/de/empresa/Bufete_Plaza_Abogados,2025-12-01
https://web.opynio.com/ar/empresa/ACL_Cerrajeros,2025-12-01
https://web.opynio.com/ar/empresa/Abogado_Inmigracion_Alemania,2025-12-01
https://web.opynio.com/br/empresa/Cerrajeros_Llano,2025-12-01
https://web.opynio.com/br/empresa/Cerrajeros_Los_Maños,2025-12-01
https://web.opynio.com/ar/empresa/Hospital_Veterinario_Gattos_|_Urgencias_24h,2025-12-01
"https://web.opynio.com/ar/empresa/Red_Computer_|_Tienda_Gaming_en_Barcelona_con_MSI,_ASUS_y_Gigabyte",2025-12-01
https://web.opynio.com/de/empresa/Hospital_Veterinário_São_Francisco_de_Assis,2025-12-01
https://web.opynio.com/co/empresa/Clinica_Dental_Mingari_en_Toledo_-_Tu_dentista_en_Santa_Barbara,2025-12-01
https://web.opynio.com/br/empresa/María_del_Rosario_Algora_Wesolowski,2025-12-01
https://web.opynio.com/co/empresa/Frutería_Granada_-_Entrega_domicilio,2025-12-01
https://web.opynio.com/ar/empresa/Notaría_Susana_Ortega_Fernández,2025-12-01
https://web.opynio.com/br/empresa/Instituto_Forma-t,2025-12-01
https://web.opynio.com/co/empresa/Carman_Consultores_S.L.,2025-12-01
https://web.opynio.com/ca/empresa/Agora_Andorra_International_School,2025-12-01
https://web.opynio.com/ca/empresa/THAÏS_VINYES_ADVOCATS,2025-12-01
https://web.opynio.com/co/empresa/▷_Adria_Ferro_|_Asesor_Financiero_en_Valencia,2025-12-01
https://web.opynio.com/ar/empresa/Notaría_Blanca_Valenzuela_-_Juan_Barrios,2025-12-01
https://web.opynio.com/br/empresa/Walgreens_Pharmacy,2025-12-01
https://web.opynio.com/co/empresa/Nante-Eck_|_Restaurant_Berlin_Mitte,2025-12-01
https://web.opynio.com/ar/empresa/fontanero24h_O´Donnell,2025-12-01
https://web.opynio.com/ar/empresa/Mi_Tiendita,2025-12-01
https://web.opynio.com/ar/empresa/Floristería_Los_Ángeles,2025-12-01
https://web.opynio.com/br/empresa/Clinica_Dental_Mingari_Toledo_-_Tu_dentista_en_Valparaiso,2025-12-01
https://web.opynio.com/us/empresa/Raising_Cane's_Chicken_Fingers,2025-12-01
https://web.opynio.com/ar/empresa/La_Cantina_Chic,2025-12-01
https://web.opynio.com/ca/empresa/Escuela_Sagrada_Família,2025-12-01
https://web.opynio.com/br/empresa/Palma_&_Palma_Abogados,2025-12-01
https://web.opynio.com/pt/empresa/Universidad_de_Lisboa,2025-12-01
https://web.opynio.com/it/empresa/Hotel_Artemide,2025-12-01
https://web.opynio.com/co/empresa/Blue_Parrot_School_Málaga_-_Escuela_de_idiomas,2025-12-01
https://web.opynio.com/co/empresa/Hofbräu,2025-12-01
https://web.opynio.com/fr/empresa/Clinique_Vétérinaire_des_Gratte-Ciel,2025-12-01
https://web.opynio.com/ca/empresa/Augé_Legal_&_Fiscal,2025-12-01
https://web.opynio.com/ca/empresa/Escuela_Andorrana_de_Maternal_y_1ª_Enseñanza_de_Encamp,2025-11-30
https://web.opynio.com/ca/empresa/Escuela_Francesa_maternal_de_Andorra_la_Vella,2025-11-30
https://web.opynio.com/co/empresa/Nextep_Finance,2025-11-30
https://web.opynio.com/mx/empresa/Colegio_del_Valle,2025-11-30
https://web.opynio.com/ca/empresa/TARRAGONA,2025-11-30
https://web.opynio.com/br/empresa/Grand_Hyatt_Rio_de_Janeiro,2025-11-30
https://web.opynio.com/ca/empresa/Korpus_Advocats,2025-11-30
https://web.opynio.com/us/empresa/City_of_Fairfax_Regional_Library,2025-11-30
https://web.opynio.com/ca/empresa/Advocats_Andorra_Aleix,2025-11-30
https://web.opynio.com/pt/empresa/CLIVIP_-_Clínica_Médica,2025-11-30
https://web.opynio.com/ca/empresa/Escuela_Andorrana_de_Escaldes-Engordany,2025-11-30
https://web.opynio.com/br/empresa/Hofbräu,2025-11-30
https://web.opynio.com/mx/empresa/CANNYS_CLINICA_VETERINARIA,2025-11-30
https://web.opynio.com/ca/empresa/Sara_Muñoz_Advocada,2025-11-30
https://web.opynio.com/ca/empresa/Adagi_Advocats,2025-11-30
https://web.opynio.com/ca/empresa/Virtus_Advocats,2025-11-30
https://web.opynio.com/es/empresa/Cripto_Asesoramiento,2025-11-30
https://web.opynio.com/ar/empresa/Centro_de_Odontología_Avanzada_ZM,2025-11-30
https://web.opynio.com/ca/empresa/Colegio_Español_María_Moliner,2025-11-30